Key,Section,English,Chinese,Japanese,Korean,German,French,Spanish,Portuguese,Russian,Arabic
"terms.integrations.content.accTitle","terms","Autodesk Construction Cloud (ACC)",,,,,,,,,
"docs.content.webTimeline.overviewDesc","docs","The Timeline & Gantt view provides visual project scheduling with task dependencies, milestones, and progress tracking. Plan your project timeline and monitor progress in real-time.",,,,,,,,,
"docs.content.webTimeline.ganttViewDesc","docs","The Gantt chart displays tasks as horizontal bars on a timeline. The length of each bar represents the task duration. Tasks are color-coded by status.",,,,,,,,,
"docs.content.webTimeline.schedulingDesc","docs","Schedule tasks using these methods:",,,,,,,,,
"docs.content.webTimeline.schedStep1","docs","Drag task bars horizontally to change start dates",,,,,,,,,
"docs.content.webTimeline.schedStep2","docs","Drag the edges of task bars to adjust duration",,,,,,,,,
"docs.content.webTimeline.schedStep3","docs","Set dates directly in the task properties panel",,,,,,,,,
"docs.content.webTimeline.dependenciesDesc","docs","Link tasks together to create dependencies. When a predecessor task moves, dependent tasks automatically adjust. Use the Relation property to link tasks together.",,,,,,,,,
"docs.content.webTimeline.milestones","docs","Milestones",,,,,,,,,
"docs.content.webTimeline.milestonesDesc","docs","Mark important project dates as milestones. Milestones appear as diamond shapes on the timeline and can be linked to tasks and deliverables.",,,,,,,,,
"docs.content.webTimeline.progress","docs","Progress Tracking",,,,,,,,,
"docs.content.webTimeline.progressDesc","docs","Track completion percentage for each task. The Gantt chart shows progress as a filled portion of the task bar, making it easy to see which tasks are on track.",,,,,,,,,
"docs.content.webCoordination.overviewDesc","docs","The Coordination module helps you manage multi-discipline clash detection and resolution. Sync clashes from Autodesk Construction Cloud and track resolution status.",,,,,,,,,
"docs.content.webCoordination.accSync","docs","ACC Sync",,,,,,,,,
"docs.content.webCoordination.accSyncDesc","docs","Connect to your ACC project to import coordination clashes:",,,,,,,,,
"docs.content.webCoordination.accStep1","docs","Navigate to the Coordination page",,,,,,,,,
"docs.content.webCoordination.accStep2","docs","Click 'Sync from ACC' and select your clash test",,,,,,,,,
"docs.content.webCoordination.accStep3","docs","Clashes are imported with their 3D viewpoints",,,,,,,,,
"docs.content.webCoordination.clashReview","docs","Reviewing Clashes",,,,,,,,,
"docs.content.webCoordination.clashReviewDesc","docs","Each clash includes a 3D viewpoint that zooms to the conflict location. Review clashes in context with the full model visible.",,,,,,,,,
"docs.content.webCoordination.issueTrackingDesc","docs","Assign clashes to team members, set priority and due dates, and track resolution status. Add comments and attachments to document the resolution process.",,,,,,,,,
"docs.content.webCoordination.disciplines","docs","Discipline Tags",,,,,,,,,
"docs.content.webCoordination.disciplinesDesc","docs","Tag clashes by discipline (MEP, Structural, Architectural) for filtering and reporting. Generate reports showing clash counts by discipline and status.",,,,,,,,,
"docs.content.webSheets.overviewDesc","docs","The Shop Drawings module provides 2D drawing viewing with markup tools and ACC Build integration. Review, annotate, and approve construction documents.",,,,,,,,,
"docs.content.webSheets.viewing","docs","Viewing Drawings",,,,,,,,,
"docs.content.webSheets.viewingDesc","docs","Upload PDF or DWG files to view in the browser. Navigate between pages, zoom, pan, and search for text within documents.",,,,,,,,,
"docs.content.webSheets.markup","docs","Markup Tools",,,,,,,,,
"docs.content.webSheets.markupDesc","docs","Annotate drawings with these markup tools:",,,,,,,,,
"docs.content.webSheets.markupTool1","docs","Pen and highlighter for freehand drawing",,,,,,,,,
"docs.content.webSheets.markupTool2","docs","Shapes including rectangles, circles, and arrows",,,,,,,,,
"docs.content.webSheets.markupTool3","docs","Text annotations with customizable styles",,,,,,,,,
"docs.content.webSheets.markupTool4","docs","Stamp tools for approval markups",,,,,,,,,
"docs.content.webSheets.accBuild","docs","ACC Build Integration",,,,,,,,,
"docs.content.webSheets.accBuildDesc","docs","Sync markups with ACC Build to share annotations with the field team. Markups created in InvoratecAI appear in ACC Build and vice versa.",,,,,,,,,
"docs.content.webSheets.versions","docs","Version Comparison",,,,,,,,,
"docs.content.webSheets.versionsDesc","docs","Compare different revisions of the same drawing to identify changes. The comparison view highlights additions, deletions, and modifications.",,,,,,,,,
"docs.content.webReports.overviewDesc","docs","The Reports & Analytics module provides project dashboards, team performance metrics, and exportable reports to keep stakeholders informed.",,,,,,,,,
"docs.content.webReports.dashboardDesc","docs","The dashboard shows key project metrics at a glance including task completion rates, upcoming deadlines, team activity, and milestone status.",,,,,,,,,
"docs.content.webReports.teamPerformance","docs","Team Performance",,,,,,,,,
"docs.content.webReports.teamPerformanceDesc","docs","Track team productivity with metrics like tasks completed, hours logged, and utilization rates. Identify bottlenecks and balance workloads across the team.",,,,,,,,,
"docs.content.webReports.budget","docs","Budget Tracking",,,,,,,,,
"docs.content.webReports.budgetDesc","docs","Monitor project costs against budget. Track spending by team member, milestone, or task category. Set alerts for budget thresholds.",,,,,,,,,
"docs.content.webReports.export","docs","Exporting Reports",,,,,,,,,
"docs.content.webReports.exportDesc","docs","Export reports in multiple formats for sharing with stakeholders:",,,,,,,,,
"docs.content.webReports.exportPdf","docs","PDF: Formatted reports with charts and tables",,,,,,,,,
"docs.content.webReports.exportExcel","docs","Excel: Raw data for further analysis",,,,,,,,,
"docs.content.webReports.exportCsv","docs","CSV: Simple data export for integration",,,,,,,,,
"docs.content.revitAssistant.overviewDesc","docs","The AI Assistant lets you control Revit using natural language. Describe what you want to do in plain English, and the AI will execute the appropriate commands or scripts.",,,,,,,,,
"docs.content.revitAssistant.naturalLanguage","docs","Natural Language Commands",,,,,,,,,
"docs.content.revitAssistant.naturalLanguageDesc","docs","Type or speak commands in conversational language. The AI understands context and can handle complex requests.",,,,,,,,,
"docs.content.revitAssistant.exampleCommands","docs","Example Commands",,,,,,,,,
"docs.content.revitAssistant.example1","docs","Select all walls on Level 1",,,,,,,,,
"docs.content.revitAssistant.example2","docs","Change the height of selected doors to 2100mm",,,,,,,,,
"docs.content.revitAssistant.example3","docs","Create a schedule of all mechanical equipment",,,,,,,,,
"docs.content.revitAssistant.example4","docs","Find all elements with missing fire rating parameter",,,,,,,,,
"docs.content.revitAssistant.voiceControl","docs","Voice Control",,,,,,,,,
"docs.content.revitAssistant.voiceControlDesc","docs","Click the microphone button to speak commands hands-free. Voice control is perfect for when you're working in the model and don't want to switch to the keyboard.",,,,,,,,,
"docs.content.revitAssistant.codeExecution","docs","Code Execution",,,,,,,,,
"docs.content.revitAssistant.codeExecutionDesc","docs","The AI can write and execute Python or C# scripts to accomplish complex tasks. Review generated code before execution for safety.",,,,,,,,,
"docs.content.revitAssistant.toolMatching","docs","Smart Tool Matching",,,,,,,,,
"docs.content.revitAssistant.toolMatchingDesc","docs","The AI automatically matches your request to available tools in your library. If a suitable tool exists, it will suggest using it instead of writing new code.",,,,,,,,,
"docs.content.revitTasks.overviewDesc","docs","Manage tasks directly within Revit without switching to a browser. Tasks sync with the Web Platform so your team always has the latest information.",,,,,,,,,
"docs.content.revitTasks.elementTracking","docs","Element Tracking",,,,,,,,,
"docs.content.revitTasks.elementTrackingDesc","docs","Link tasks to specific Revit elements for easy navigation:",,,,,,,,,
"docs.content.revitTasks.trackStep1","docs","Select elements in the Revit view",,,,,,,,,
"docs.content.revitTasks.trackStep2","docs","Click 'Link to Task' in the task panel",,,,,,,,,
"docs.content.revitTasks.trackStep3","docs","Click the element link to zoom to that element anytime",,,,,,,,,
"docs.content.revitTasks.timeTracking","docs","Time Tracking",,,,,,,,,
"docs.content.revitTasks.timeTrackingDesc","docs","Track time spent on tasks with the built-in timer. Start the timer when you begin work, and it logs time automatically. You can also add manual time entries for work done offline.",,,,,,,,,
"docs.content.revitTasks.cloudSync","docs","Cloud Sync",,,,,,,,,
"docs.content.revitTasks.cloudSyncDesc","docs","All changes sync automatically with the cloud. Team members on the Web Platform see your updates in real-time, and you see theirs.",,,,,,,,,
"docs.content.revitTasks.myTasks","docs","My Tasks View",,,,,,,,,
"docs.content.revitTasks.myTasksDesc","docs","The My Tasks view shows only tasks assigned to you. Filter by status, priority, or due date. Click any task to see details and linked elements.",,,,,,,,,
"docs.content.revitTools.overviewDesc","docs","The Tool Library manages Python scripts, C# scripts, and compiled DLL plugins. Run automation tools from a single interface and share tools with your team.",,,,,,,,,
"docs.content.revitTools.dllPlugins","docs","DLL Plugins",,,,,,,,,
"docs.content.revitTools.dllPluginsDesc","docs","Load compiled Revit plugins (.dll files) into the tool library. A single DLL can contain multiple commands, each appearing as a separate tool. Tools are loaded at Revit startup.",,,,,,,,,
"docs.content.revitTools.pythonScripts","docs","Python Scripts",,,,,,,,,
"docs.content.revitTools.pythonScriptsDesc","docs","Execute Python scripts using the IronPython engine. Scripts have full access to the Revit API and can automate any task.",,,,,,,,,
"docs.content.revitTools.pythonExample","docs","Example Python Script",,,,,,,,,
"docs.content.revitTools.csharpScripts","docs","C# Scripts",,,,,,,,,
"docs.content.revitTools.csharpScriptsDesc","docs","Run C# code on-the-fly without compilation. The C# scripting engine compiles and executes your code instantly, making it easy to prototype and test ideas.",,,,,,,,,
"docs.content.revitTools.organizing","docs","Organizing Tools",,,,,,,,,
"docs.content.revitTools.organizingDesc","docs","Organize tools into categories for easy discovery. Add descriptions and keywords so the AI Assistant can find and suggest relevant tools.",,,,,,,,,
"docs.content.revitProjects.overviewDesc","docs","Project Management in the Revit add-in provides team management, budget tracking, and milestone planning. Keep all project information organized in one place.",,,,,,,,,
"docs.content.revitProjects.creating","docs","Creating Projects",,,,,,,,,
"docs.content.revitProjects.creatingDesc","docs","Create a new project with basic information like name, client, and project number. Link to an ACC project to enable cloud sync and coordination features.",,,,,,,,,
"docs.content.revitProjects.team","docs","Team Management",,,,,,,,,
"docs.content.revitProjects.teamDesc","docs","Add team members with roles, disciplines, and hourly rates. Track hours logged by each team member and calculate costs automatically.",,,,,,,,,
"docs.content.revitProjects.budget","docs","Budget Tracking",,,,,,,,,
"docs.content.revitProjects.budgetDesc","docs","Set project budget and track spending in real-time. Allocate budget to milestones and monitor utilization. Get alerts when approaching budget limits.",,,,,,,,,
"docs.content.revitProjects.milestones","docs","Milestone Planning",,,,,,,,,
"docs.content.revitProjects.milestonesDesc","docs","Define project milestones with due dates, budgets, and deliverables. Track milestone status and see upcoming deadlines in the dashboard.",,,,,,,,,
"docs.content.revitProjects.dashboardDesc","docs","The dashboard provides an at-a-glance view of project health including task progress, budget status, team utilization, and upcoming milestones.",,,,,,,,,
"docs.content.revitAcc.overviewDesc","docs","The ACC Integration connects InvoratecAI to your Autodesk Construction Cloud projects. Sync models, import clashes, and manage project files from within Revit.",,,,,,,,,
"docs.content.revitAcc.connecting","docs","Connecting to ACC",,,,,,,,,
"docs.content.revitAcc.connectingDesc","docs","Connect your Autodesk account using secure OAuth authentication:",,,,,,,,,
"docs.content.revitAcc.connectStep1","docs","Click 'Connect to ACC' in the ACC Hub panel",,,,,,,,,
"docs.content.revitAcc.connectStep2","docs","Sign in with your Autodesk ID in the browser",,,,,,,,,
"docs.content.revitAcc.connectStep3","docs","Authorize InvoratecAI to access your ACC projects",,,,,,,,,
"docs.content.revitAcc.connectStep4","docs","Select the ACC project to link to your InvoratecAI project",,,,,,,,,
"docs.content.revitAcc.hubBrowser","docs","Hub Browser",,,,,,,,,
"docs.content.revitAcc.hubBrowserDesc","docs","Browse your ACC hubs and projects in a familiar tree structure. Navigate folders and view files without leaving Revit.",,,,,,,,,
"docs.content.revitAcc.modelSync","docs","Model Sync",,,,,,,,,
"docs.content.revitAcc.modelSyncDesc","docs","Publish Revit models to your ACC project with one click. Models are translated for viewing in the Web Platform's 3D viewer.",,,,,,,,,
"docs.content.revitAcc.clashImport","docs","Clash Import",,,,,,,,,
"docs.content.revitAcc.clashImportDesc","docs","Import coordination clashes from ACC Model Coordination. Clashes include 3D viewpoints and can be assigned to team members for resolution.",,,,,,,,,
"docs.help.title","docs","Need Help?",,,,,,,,,
"docs.help.description","docs","Can't find what you're looking for? Our support team is here to assist.",,,,,,,,,
"serviceBIM.cta.subtitle","serviceBIM","Let our experts help you maximize the value of your BIM investment",,,,,,,,,
"serviceBIM.cta.demo","serviceBIM","Schedule Consultation",,,,,,,,,
"serviceBIM.cta.contact","serviceBIM","Email Us",,,,,,,,,
"serviceAI.useCases.subtitle","serviceAI","See how organizations are leveraging custom AI to transform their operations",,,,,,,,,
"serviceAI.useCases.items.design.title","serviceAI","AI Design Assistant",,,,,,,,,
"serviceAI.useCases.items.design.description","serviceAI","Get intelligent suggestions based on your design standards",,,,,,,,,
"serviceAI.useCases.items.review.title","serviceAI","Automated Review",,,,,,,,,
"serviceAI.useCases.items.review.description","serviceAI","AI-powered quality checks against your criteria",,,,,,,,,
"serviceAI.useCases.items.automation.title","serviceAI","Task Automation",,,,,,,,,
"serviceAI.useCases.items.automation.description","serviceAI","Automate repetitive workflows with custom AI agents",,,,,,,,,
"serviceAI.useCases.items.assistant.title","serviceAI","Custom Assistant",,,,,,,,,
"serviceAI.useCases.items.assistant.description","serviceAI","Company-specific AI assistant trained on your data",,,,,,,,,
"serviceAI.webapp.title","serviceAI","Powered by Our Web Platform",,,,,,,,,
"serviceAI.webapp.subtitle","serviceAI","Access your custom AI features through our powerful web application with full project management capabilities",,,,,,,,,
"serviceAI.webapp.features.assistant.title","serviceAI","AI Chat Assistant",,,,,,,,,
"serviceAI.webapp.features.assistant.description","serviceAI","Natural language interface to query project data and get intelligent answers",,,,,,,,,
"serviceAI.webapp.features.reports.title","serviceAI","AI-Generated Reports",,,,,,,,,
"serviceAI.webapp.features.reports.description","serviceAI","Automated report generation with insights and recommendations",,,,,,,,,
"serviceAI.webapp.features.workflow.title","serviceAI","Smart Workflows",,,,,,,,,
"serviceAI.webapp.features.workflow.description","serviceAI","AI-optimized task assignment and project scheduling",,,,,,,,,
"serviceAI.webapp.cta","serviceAI","Explore Web Platform",,,,,,,,,
"serviceAI.cta.title","serviceAI","Ready to Empower Your Team with AI?",,,,,,,,,
"serviceAI.cta.subtitle","serviceAI","Let us help you build custom AI solutions that transform your business",,,,,,,,,
"serviceAI.cta.demo","serviceAI","Schedule Demo",,,,,,,,,
"serviceAI.cta.contact","serviceAI","Contact Sales",,,,,,,,,
"serviceSupport.contact.subtitle","serviceSupport","Multiple ways to reach our support team",,,,,,,,,
"serviceSupport.docs.items.videos.title","serviceSupport","Video Tutorials",,,,,,,,,
"serviceSupport.docs.items.videos.description","serviceSupport","Watch and learn at your own pace",,,,,,,,,
"serviceSupport.docs.items.faq.title","serviceSupport","FAQ & Troubleshooting",,,,,,,,,
"serviceSupport.docs.items.faq.description","serviceSupport","Common questions and solutions",,,,,,,,,
"serviceSupport.docs.cta","serviceSupport","Browse Documentation",,,,,,,,,
"serviceSupport.cta.title","serviceSupport","Need Help Getting Started?",,,,,,,,,
"serviceSupport.cta.subtitle","serviceSupport","Our team is ready to help you succeed with InvoratecAI",,,,,,,,,
"about.products.title","about","Our Twin Platform",,,,,,,,,
"about.products.subtitle","about","From desktop to cloud - a complete AI-powered ecosystem for modern construction projects",,,,,,,,,
"about.products.bim.subtitle","about","Revit Add-in",,,,,,,,,
"about.products.bim.description","about","Supercharge your Revit workflow with AI-powered assistance. Control Revit with natural language, automate repetitive tasks, and sync your work seamlessly with the cloud.",,,,,,,,,
"about.products.bim.features.voice","about","Voice Control",,,,,,,,,
"about.products.bim.features.automation","about","Automation Tools",,,,,,,,,
"about.products.bim.features.sync","about","Cloud Sync",,,,,,,,,
"about.products.web.description","about","Browser-based collaboration for your entire project team. View 3D models, manage tasks, coordinate clashes, and track progress - all without installing any software.",,,,,,,,,
"about.products.web.features.viewer","about","3D Viewer",,,,,,,,,
"about.products.web.features.tasks","about","Task Management",,,,,,,,,
"about.products.web.features.coordination","about","Clash Coordination",,,,,,,,,
"about.products.web.features.reports","about","Reports & Analytics",,,,,,,,,
"about.products.cta","about","Explore Our Products",,,,,,,,,
"about.contact.email.label","about","Email",,,,,,,,,
"docs.docsContent.getting-started","docs","<section class='mb-8'><h2 class='text-2xl font-semibold text-gray-900 mb-4'>Quick Start Guide</h2><p class='mb-4'>Welcome to InvoratecAI documentation. This guide will help you get started with our platform.</p></section><section class='mb-8'><h2 class='text-2xl font-semibold text-gray-900 mb-4'>Prerequisites</h2><ul class='list-disc pl-6 space-y-2'><li>Autodesk Revit 2019 or later</li><li>Windows 10/11</li><li>InvoratecAI Account</li></ul></section><section class='mb-8'><h2 class='text-2xl font-semibold text-gray-900 mb-4'>Installation Steps</h2><ol class='list-decimal pl-6 space-y-2'><li>Download the InvoratecAI Add-in from your account dashboard</li><li>Run the installer and follow the prompts</li><li>Restart Revit to activate the add-in</li><li>Sign in with your InvoratecAI credentials</li></ol></section><section class='mb-8'><h2 class='text-2xl font-semibold text-gray-900 mb-4'>Platform Overview</h2><div class='grid md:grid-cols-2 gap-6 mt-4'><div class='bg-gray-50 rounded-lg p-4'><h3 class='font-semibold text-gray-900 mb-2'>BIM AI (Revit Add-in)</h3><p class='text-gray-600 text-sm'>Desktop application that integrates directly with Autodesk Revit, providing AI assistance, task management, and cloud synchronization.</p></div><div class='bg-gray-50 rounded-lg p-4'><h3 class='font-semibold text-gray-900 mb-2'>Web AI (Cloud Platform)</h3><p class='text-gray-600 text-sm'>Browser-based platform for project management, 3D model viewing, team collaboration, and reporting.</p></div></div></section><section class='mb-8'><h2 class='text-2xl font-semibold text-gray-900 mb-4'>Key Features</h2><div class='space-y-4'><div class='flex items-start gap-3'><span class='text-primary-500 text-xl'>🤖</span><div><h4 class='font-medium text-gray-900'>AI-Powered Assistant</h4><p class='text-gray-600 text-sm'>Use natural language to query your models and automate tasks</p></div></div><div class='flex items-start gap-3'><span class='text-primary-500 text-xl'>📋</span><div><h4 class='font-medium text-gray-900'>Task Management</h4><p class='text-gray-600 text-sm'>Create, assign, and track tasks with 45+ property types</p></div></div><div class='flex items-start gap-3'><span class='text-primary-500 text-xl'>🏗️</span><div><h4 class='font-medium text-gray-900'>3D Model Viewer</h4><p class='text-gray-600 text-sm'>View and analyze BIM models in your browser</p></div></div><div class='flex items-start gap-3'><span class='text-primary-500 text-xl'>☁️</span><div><h4 class='font-medium text-gray-900'>ACC Integration</h4><p class='text-gray-600 text-sm'>Seamless sync with Autodesk Construction Cloud</p></div></div></div></section>",,,,,,,,,
"docs.docsContent.configuration","docs","<section class='mb-8'><h2 class='text-2xl font-semibold text-gray-900 mb-4'>Configuration Guide</h2><p class='mb-4'>Learn how to configure InvoratecAI to match your workflow.</p></section><section class='mb-8'><h2 class='text-2xl font-semibold text-gray-900 mb-4'>Account Settings</h2><p class='mb-4'>Manage your profile, subscription, and notification preferences in the account settings panel.</p><ul class='list-disc pl-6 space-y-2'><li><strong>Profile:</strong> Update your name, email, and profile picture</li><li><strong>Password:</strong> Change your password or enable two-factor authentication</li><li><strong>Notifications:</strong> Configure email and in-app notification preferences</li><li><strong>Language:</strong> Choose your preferred interface language</li><li><strong>Timezone:</strong> Set your timezone for accurate scheduling</li></ul></section><section class='mb-8'><h2 class='text-2xl font-semibold text-gray-900 mb-4'>Project Settings</h2><p class='mb-4'>Configure project-specific settings including team members, milestones, and budget tracking.</p><div class='space-y-4'><div class='bg-gray-50 rounded-lg p-4'><h4 class='font-medium text-gray-900'>General Settings</h4><ul class='list-disc pl-6 space-y-1 text-sm text-gray-600 mt-2'><li>Project name and description</li><li>Project number and client information</li><li>Start and end dates</li><li>Project currency and units</li></ul></div><div class='bg-gray-50 rounded-lg p-4'><h4 class='font-medium text-gray-900'>Team Management</h4><ul class='list-disc pl-6 space-y-1 text-sm text-gray-600 mt-2'><li>Invite team members by email</li><li>Assign roles (Admin, Editor, Viewer)</li><li>Set discipline and department</li><li>Configure hourly rates for budget tracking</li></ul></div><div class='bg-gray-50 rounded-lg p-4'><h4 class='font-medium text-gray-900'>Milestone Configuration</h4><ul class='list-disc pl-6 space-y-1 text-sm text-gray-600 mt-2'><li>Create project milestones</li><li>Set target dates and budgets</li><li>Link deliverables to milestones</li><li>Track completion status</li></ul></div></div></section><section class='mb-8'><h2 class='text-2xl font-semibold text-gray-900 mb-4'>ACC Integration</h2><p class='mb-4'>Connect your Autodesk Construction Cloud account to sync projects, models, and coordination data.</p><ol class='list-decimal pl-6 space-y-3'><li><strong>Navigate to Integrations</strong><p class='text-gray-600 text-sm mt-1'>Go to Settings > Integrations in your dashboard</p></li><li><strong>Click Connect ACC</strong><p class='text-gray-600 text-sm mt-1'>You'll be redirected to Autodesk's login page</p></li><li><strong>Authorize Access</strong><p class='text-gray-600 text-sm mt-1'>Grant InvoratecAI permission to access your ACC data</p></li><li><strong>Select Projects</strong><p class='text-gray-600 text-sm mt-1'>Choose which ACC projects to sync with InvoratecAI</p></li></ol><div class='bg-green-50 border border-green-200 rounded-lg p-4 mt-4'><p class='text-green-800'><strong>Data Privacy:</strong> We only access the projects you explicitly select. Your credentials are never stored - we use secure OAuth 2.0 tokens.</p></div></section><section class='mb-8'><h2 class='text-2xl font-semibold text-gray-900 mb-4'>BIM AI Settings</h2><p class='mb-4'>Configure the Revit add-in behavior and preferences.</p><ul class='list-disc pl-6 space-y-2'><li><strong>Auto-sync:</strong> Enable automatic synchronization with the cloud</li><li><strong>AI Model:</strong> Choose between standard and advanced AI processing</li><li><strong>Voice Commands:</strong> Enable or disable voice control</li><li><strong>Script Execution:</strong> Configure Python and C# script permissions</li><li><strong>Tool Library Path:</strong> Set custom locations for tool storage</li></ul></section>",,,,,,,,,
"docs.docsContent.web-tasks","docs","<section class='mb-8'><h2 class='text-2xl font-semibold text-gray-900 mb-4'>Overview</h2><p class='mb-4'>The Web Platform's task management system is built on a flexible database architecture supporting 45+ property types. Create unlimited custom pages with any combination of properties to match your project needs.</p></section><section class='mb-8'><h2 class='text-2xl font-semibold text-gray-900 mb-4'>Creating Task Pages</h2><p class='mb-4'>Task pages are containers for organizing your work. Each page can have its own set of custom properties.</p><ol class='list-decimal pl-6 space-y-2'><li>Click the <strong>+</strong> button in the sidebar to create a new page</li><li>Name your page and choose a template or start blank</li><li>Add properties by clicking the <strong>+</strong> column header</li></ol><div class='bg-gray-50 rounded-lg p-4 mt-4'><h4 class='font-medium text-gray-900 mb-2'>Available Templates</h4><ul class='list-disc pl-6 space-y-1 text-sm text-gray-600'><li><strong>RFI Tracker:</strong> Request for Information management</li><li><strong>Submittal Log:</strong> Track submittals and approvals</li><li><strong>Punch List:</strong> Deficiency tracking for closeout</li><li><strong>Issue Log:</strong> General issue and conflict management</li><li><strong>Change Orders:</strong> Track contract modifications</li></ul></div></section><section class='mb-8'><h2 class='text-2xl font-semibold text-gray-900 mb-4'>Property Types</h2><p class='mb-4'>InvoratecAI supports a wide variety of property types to capture any kind of project data:</p><div class='grid md:grid-cols-2 gap-4 mt-4'><div class='bg-gray-50 rounded-lg p-4'><h4 class='font-medium text-gray-900'>Text Properties</h4><ul class='list-disc pl-6 space-y-1 text-sm text-gray-600 mt-2'><li>Single-line text</li><li>Multi-line text (rich text)</li><li>URL links</li><li>Email addresses</li><li>Phone numbers</li></ul></div><div class='bg-gray-50 rounded-lg p-4'><h4 class='font-medium text-gray-900'>Number Properties</h4><ul class='list-disc pl-6 space-y-1 text-sm text-gray-600 mt-2'><li>Integer numbers</li><li>Decimal numbers</li><li>Currency values</li><li>Percentage</li><li>Progress bar</li></ul></div><div class='bg-gray-50 rounded-lg p-4'><h4 class='font-medium text-gray-900'>Date & Time</h4><ul class='list-disc pl-6 space-y-1 text-sm text-gray-600 mt-2'><li>Date picker</li><li>Date range</li><li>Time picker</li><li>Date/time combined</li><li>Created/Updated timestamps</li></ul></div><div class='bg-gray-50 rounded-lg p-4'><h4 class='font-medium text-gray-900'>Selection Properties</h4><ul class='list-disc pl-6 space-y-1 text-sm text-gray-600 mt-2'><li>Single select (dropdown)</li><li>Multi-select (tags)</li><li>Status with colors</li><li>Priority levels</li><li>Checkbox</li></ul></div><div class='bg-gray-50 rounded-lg p-4'><h4 class='font-medium text-gray-900'>People & Relations</h4><ul class='list-disc pl-6 space-y-1 text-sm text-gray-600 mt-2'><li>Person (assign team members)</li><li>Multi-person</li><li>Relation (link to other tasks)</li><li>Created by / Updated by</li></ul></div><div class='bg-gray-50 rounded-lg p-4'><h4 class='font-medium text-gray-900'>Media & Files</h4><ul class='list-disc pl-6 space-y-1 text-sm text-gray-600 mt-2'><li>File attachments</li><li>Image gallery</li><li>Document links</li><li>Model element references</li></ul></div></div></section><section class='mb-8'><h2 class='text-2xl font-semibold text-gray-900 mb-4'>Smart Filtering</h2><p class='mb-4'>Filter your tasks by any property using the filter bar. Combine multiple filters with AND/OR logic. Save filter views for quick access to commonly used task lists.</p><div class='bg-blue-50 border border-blue-200 rounded-lg p-4'><p class='text-blue-800'><strong>Pro Tip:</strong> Create saved views like ""My Open Tasks"", ""Overdue Items"", or ""High Priority"" for quick access.</p></div></section><section class='mb-8'><h2 class='text-2xl font-semibold text-gray-900 mb-4'>View Options</h2><p class='mb-4'>Switch between different views to visualize your data:</p><ul class='list-disc pl-6 space-y-2'><li><strong>Table View:</strong> Spreadsheet-like grid for detailed editing</li><li><strong>Kanban Board:</strong> Drag-and-drop cards by status</li><li><strong>Calendar View:</strong> See tasks by date</li><li><strong>Timeline View:</strong> Gantt chart visualization</li><li><strong>Gallery View:</strong> Card-based view with images</li></ul></section><section class='mb-8'><h2 class='text-2xl font-semibold text-gray-900 mb-4'>Excel Import/Export</h2><p class='mb-4'>Bulk import tasks from Excel spreadsheets or export your data for reporting:</p><ol class='list-decimal pl-6 space-y-2'><li>Click the <strong>Import</strong> button and select your Excel file</li><li>Map columns to properties in the import dialog</li><li>Review and confirm the import</li></ol></section>",,,,,,,,,
"docs.docsContent.web-viewer","docs","<section class='mb-8'><h2 class='text-2xl font-semibold text-gray-900 mb-4'>Overview</h2><p class='mb-4'>The 3D Model Viewer is powered by Autodesk Platform Services (APS) and supports viewing IFC, NWD, RVT, and other BIM formats directly in your browser without installing any software.</p></section><section class='mb-8'><h2 class='text-2xl font-semibold text-gray-900 mb-4'>Supported File Formats</h2><div class='overflow-x-auto'><table class='min-w-full divide-y divide-gray-200 mt-4'><thead class='bg-gray-50'><tr><th class='px-4 py-3 text-left text-xs font-medium text-gray-500 uppercase'>Format</th><th class='px-4 py-3 text-left text-xs font-medium text-gray-500 uppercase'>Description</th><th class='px-4 py-3 text-left text-xs font-medium text-gray-500 uppercase'>Support</th></tr></thead><tbody class='bg-white divide-y divide-gray-200'><tr><td class='px-4 py-3 font-medium'>.rvt</td><td class='px-4 py-3'>Autodesk Revit</td><td class='px-4 py-3'><span class='px-2 py-1 text-xs font-medium rounded-full bg-green-100 text-green-800'>Full</span></td></tr><tr><td class='px-4 py-3 font-medium'>.ifc</td><td class='px-4 py-3'>Industry Foundation Classes</td><td class='px-4 py-3'><span class='px-2 py-1 text-xs font-medium rounded-full bg-green-100 text-green-800'>Full</span></td></tr><tr><td class='px-4 py-3 font-medium'>.nwd/.nwc</td><td class='px-4 py-3'>Navisworks</td><td class='px-4 py-3'><span class='px-2 py-1 text-xs font-medium rounded-full bg-green-100 text-green-800'>Full</span></td></tr><tr><td class='px-4 py-3 font-medium'>.dwg</td><td class='px-4 py-3'>AutoCAD</td><td class='px-4 py-3'><span class='px-2 py-1 text-xs font-medium rounded-full bg-green-100 text-green-800'>Full</span></td></tr><tr><td class='px-4 py-3 font-medium'>.dwfx</td><td class='px-4 py-3'>Design Web Format</td><td class='px-4 py-3'><span class='px-2 py-1 text-xs font-medium rounded-full bg-green-100 text-green-800'>Full</span></td></tr></tbody></table></div></section><section class='mb-8'><h2 class='text-2xl font-semibold text-gray-900 mb-4'>Navigation Controls</h2><p class='mb-4'>Use these controls to navigate your 3D model:</p><div class='grid md:grid-cols-2 gap-4 mt-4'><div class='bg-gray-50 rounded-lg p-4'><h4 class='font-medium text-gray-900'>Mouse Controls</h4><ul class='list-disc pl-6 space-y-1 text-sm text-gray-600 mt-2'><li><strong>Left-click + drag:</strong> Orbit around the model</li><li><strong>Right-click + drag:</strong> Pan the view</li><li><strong>Scroll wheel:</strong> Zoom in/out</li><li><strong>Double-click:</strong> Fit element to view</li><li><strong>Ctrl + click:</strong> Multi-select elements</li></ul></div><div class='bg-gray-50 rounded-lg p-4'><h4 class='font-medium text-gray-900'>Keyboard Shortcuts</h4><ul class='list-disc pl-6 space-y-1 text-sm text-gray-600 mt-2'><li><strong>F:</strong> Fit all to view</li><li><strong>H:</strong> Hide selected elements</li><li><strong>I:</strong> Isolate selected elements</li><li><strong>S:</strong> Show all elements</li><li><strong>Esc:</strong> Clear selection</li></ul></div></div></section><section class='mb-8'><h2 class='text-2xl font-semibold text-gray-900 mb-4'>Element Selection</h2><p class='mb-4'>Click on any element to select it. The property panel will show all parameters and properties for the selected element. Multi-select using Ctrl+click.</p></section><section class='mb-8'><h2 class='text-2xl font-semibold text-gray-900 mb-4'>Element Isolation</h2><p class='mb-4'>Right-click on selected elements and choose 'Isolate' to hide all other elements. This helps you focus on specific areas of your model. Use 'Show All' to restore visibility.</p></section><section class='mb-8'><h2 class='text-2xl font-semibold text-gray-900 mb-4'>Section Planes</h2><p class='mb-4'>Create section cuts through your model using the section plane tools. Adjust the position and orientation of section planes to expose interior details.</p><ol class='list-decimal pl-6 space-y-2'><li>Click the <strong>Section</strong> tool in the toolbar</li><li>Choose X, Y, or Z plane orientation</li><li>Drag the slider to adjust the cut position</li><li>Use multiple planes for box sections</li></ol></section><section class='mb-8'><h2 class='text-2xl font-semibold text-gray-900 mb-4'>Measurement Tools</h2><p class='mb-4'>Measure distances, areas, and angles directly in the 3D view.</p><ul class='list-disc pl-6 space-y-2'><li><strong>Distance:</strong> Click two points to measure length</li><li><strong>Area:</strong> Click multiple points to measure enclosed area</li><li><strong>Angle:</strong> Click three points to measure angles</li><li><strong>Calibrate:</strong> Set a known distance for accurate scaling</li></ul></section><section class='mb-8'><h2 class='text-2xl font-semibold text-gray-900 mb-4'>Property Inspector</h2><p class='mb-4'>The property panel displays all BIM properties for selected elements including:</p><ul class='list-disc pl-6 space-y-2'><li>Type parameters (shared across instances)</li><li>Instance parameters (unique to each element)</li><li>Calculated values (area, volume, length)</li><li>Custom properties from the source file</li><li>Material information</li></ul></section>",,,,,,,,,
"docs.docsContent.web-timeline","docs","<section class='mb-8'><h2 class='text-2xl font-semibold text-gray-900 mb-4'>Overview</h2><p class='mb-4'>The Timeline & Gantt view provides visual project scheduling with task dependencies, milestones, and progress tracking. Plan your project timeline and monitor progress in real-time.</p></section><section class='mb-8'><h2 class='text-2xl font-semibold text-gray-900 mb-4'>Gantt Chart View</h2><p class='mb-4'>The Gantt chart displays tasks as horizontal bars on a timeline. The length of each bar represents the task duration. Tasks are color-coded by status.</p><div class='grid md:grid-cols-4 gap-2 mt-4'><div class='flex items-center gap-2'><span class='w-4 h-4 rounded bg-gray-300'></span><span class='text-sm text-gray-600'>Not Started</span></div><div class='flex items-center gap-2'><span class='w-4 h-4 rounded bg-blue-500'></span><span class='text-sm text-gray-600'>In Progress</span></div><div class='flex items-center gap-2'><span class='w-4 h-4 rounded bg-green-500'></span><span class='text-sm text-gray-600'>Completed</span></div><div class='flex items-center gap-2'><span class='w-4 h-4 rounded bg-red-500'></span><span class='text-sm text-gray-600'>Overdue</span></div></div></section><section class='mb-8'><h2 class='text-2xl font-semibold text-gray-900 mb-4'>Scheduling Tasks</h2><p class='mb-4'>Schedule tasks using these methods:</p><ol class='list-decimal pl-6 space-y-2'><li><strong>Drag horizontally:</strong> Move task bars to change start dates</li><li><strong>Drag edges:</strong> Extend or shorten the task duration</li><li><strong>Properties panel:</strong> Set exact dates in the task details</li><li><strong>Quick add:</strong> Click on the timeline to add tasks at specific dates</li></ol></section><section class='mb-8'><h2 class='text-2xl font-semibold text-gray-900 mb-4'>Task Dependencies</h2><p class='mb-4'>Link tasks together to create dependencies. When a predecessor task moves, dependent tasks automatically adjust.</p><div class='bg-gray-50 rounded-lg p-4 mt-4'><h4 class='font-medium text-gray-900 mb-2'>Dependency Types</h4><ul class='list-disc pl-6 space-y-1 text-sm text-gray-600'><li><strong>Finish-to-Start (FS):</strong> Task B starts when Task A finishes</li><li><strong>Start-to-Start (SS):</strong> Task B starts when Task A starts</li><li><strong>Finish-to-Finish (FF):</strong> Task B finishes when Task A finishes</li><li><strong>Start-to-Finish (SF):</strong> Task B finishes when Task A starts</li></ul></div><p class='mt-4'>Use the Relation property to link tasks together, or drag connection handles between task bars.</p></section><section class='mb-8'><h2 class='text-2xl font-semibold text-gray-900 mb-4'>Milestones</h2><p class='mb-4'>Mark important project dates as milestones. Milestones appear as diamond shapes on the timeline and can be linked to tasks and deliverables.</p><ul class='list-disc pl-6 space-y-2'><li>Create milestones from the toolbar or convert existing tasks</li><li>Set target dates for key deliverables</li><li>Track milestone completion status</li><li>Receive notifications for approaching milestones</li></ul></section><section class='mb-8'><h2 class='text-2xl font-semibold text-gray-900 mb-4'>Progress Tracking</h2><p class='mb-4'>Track completion percentage for each task. The Gantt chart shows progress as a filled portion of the task bar.</p><div class='bg-blue-50 border border-blue-200 rounded-lg p-4'><p class='text-blue-800'><strong>Pro Tip:</strong> Use the ""% Complete"" column to quickly update progress across multiple tasks.</p></div></section><section class='mb-8'><h2 class='text-2xl font-semibold text-gray-900 mb-4'>Timeline Scale</h2><p class='mb-4'>Adjust the timeline scale to view your project at different granularities:</p><ul class='list-disc pl-6 space-y-2'><li><strong>Day:</strong> Detailed view for short-term planning</li><li><strong>Week:</strong> Standard view for most projects</li><li><strong>Month:</strong> Overview for long-term projects</li><li><strong>Quarter:</strong> Strategic planning view</li></ul></section>",,,,,,,,,
"docs.docsContent.web-coordination","docs","<section class='mb-8'><h2 class='text-2xl font-semibold text-gray-900 mb-4'>Overview</h2><p class='mb-4'>The Coordination module helps you manage multi-discipline clash detection and resolution. Sync clashes from Autodesk Construction Cloud and track resolution status.</p></section><section class='mb-8'><h2 class='text-2xl font-semibold text-gray-900 mb-4'>ACC Sync</h2><p class='mb-4'>Connect to your ACC project to import coordination clashes:</p><ol class='list-decimal pl-6 space-y-3'><li><strong>Navigate to Coordination</strong><p class='text-gray-600 text-sm mt-1'>Open the Coordination page from your project dashboard</p></li><li><strong>Click 'Sync from ACC'</strong><p class='text-gray-600 text-sm mt-1'>Select your ACC project and clash test</p></li><li><strong>Import Clashes</strong><p class='text-gray-600 text-sm mt-1'>Clashes are imported with their 3D viewpoints and metadata</p></li></ol><div class='bg-green-50 border border-green-200 rounded-lg p-4 mt-4'><p class='text-green-800'><strong>Auto-Sync:</strong> Enable automatic synchronization to keep clashes up-to-date as new tests are run in ACC.</p></div></section><section class='mb-8'><h2 class='text-2xl font-semibold text-gray-900 mb-4'>Reviewing Clashes</h2><p class='mb-4'>Each clash includes a 3D viewpoint that zooms to the conflict location. Review clashes in context with the full model visible.</p><div class='space-y-3'><div class='bg-gray-50 rounded-lg p-4'><h4 class='font-medium text-gray-900'>Clash Details</h4><ul class='list-disc pl-6 space-y-1 text-sm text-gray-600 mt-2'><li>Element A and Element B identification</li><li>Clash distance and type (hard/soft)</li><li>Associated viewpoint</li><li>Source file information</li></ul></div><div class='bg-gray-50 rounded-lg p-4'><h4 class='font-medium text-gray-900'>Review Actions</h4><ul class='list-disc pl-6 space-y-1 text-sm text-gray-600 mt-2'><li>Approve - Mark as acceptable</li><li>Reject - Requires design change</li><li>Defer - Review later</li><li>Assign - Send to team member</li></ul></div></div></section><section class='mb-8'><h2 class='text-2xl font-semibold text-gray-900 mb-4'>Issue Tracking</h2><p class='mb-4'>Assign clashes to team members, set priority and due dates, and track resolution status.</p><ul class='list-disc pl-6 space-y-2'><li><strong>Assignment:</strong> Assign to responsible party by discipline</li><li><strong>Priority:</strong> Set High, Medium, or Low priority</li><li><strong>Due Date:</strong> Set resolution deadline</li><li><strong>Comments:</strong> Add discussion and notes</li><li><strong>Attachments:</strong> Upload resolution documents</li></ul></section><section class='mb-8'><h2 class='text-2xl font-semibold text-gray-900 mb-4'>Discipline Tags</h2><p class='mb-4'>Tag clashes by discipline (MEP, Structural, Architectural) for filtering and reporting.</p><div class='grid md:grid-cols-3 gap-2 mt-4'><div class='px-3 py-2 rounded-lg bg-blue-100 text-blue-800 text-sm text-center'>Mechanical</div><div class='px-3 py-2 rounded-lg bg-green-100 text-green-800 text-sm text-center'>Electrical</div><div class='px-3 py-2 rounded-lg bg-purple-100 text-purple-800 text-sm text-center'>Plumbing</div><div class='px-3 py-2 rounded-lg bg-orange-100 text-orange-800 text-sm text-center'>Structural</div><div class='px-3 py-2 rounded-lg bg-pink-100 text-pink-800 text-sm text-center'>Architectural</div><div class='px-3 py-2 rounded-lg bg-gray-100 text-gray-800 text-sm text-center'>Fire Protection</div></div></section><section class='mb-8'><h2 class='text-2xl font-semibold text-gray-900 mb-4'>Reports</h2><p class='mb-4'>Generate reports showing clash counts by discipline, status, and resolution progress.</p><ul class='list-disc pl-6 space-y-2'><li>Summary dashboard with key metrics</li><li>Export to PDF for stakeholder meetings</li><li>Trend analysis over time</li><li>Team performance metrics</li></ul></section>",,,,,,,,,
"docs.docsContent.web-sheets","docs","<section class='mb-8'><h2 class='text-2xl font-semibold text-gray-900 mb-4'>Overview</h2><p class='mb-4'>The Shop Drawings module provides 2D drawing viewing with markup tools and ACC Build integration. Review, annotate, and approve construction documents.</p></section><section class='mb-8'><h2 class='text-2xl font-semibold text-gray-900 mb-4'>Viewing Drawings</h2><p class='mb-4'>Upload PDF or DWG files to view in the browser. Navigate between pages, zoom, pan, and search for text within documents.</p><div class='space-y-3'><div class='bg-gray-50 rounded-lg p-4'><h4 class='font-medium text-gray-900'>Navigation</h4><ul class='list-disc pl-6 space-y-1 text-sm text-gray-600 mt-2'><li>Thumbnail panel for quick page navigation</li><li>Page number input for direct access</li><li>Previous/Next buttons</li><li>Zoom controls (+/-/fit)</li></ul></div><div class='bg-gray-50 rounded-lg p-4'><h4 class='font-medium text-gray-900'>Search</h4><ul class='list-disc pl-6 space-y-1 text-sm text-gray-600 mt-2'><li>Full-text search within PDFs</li><li>Highlight search results</li><li>Navigate between matches</li></ul></div></div></section><section class='mb-8'><h2 class='text-2xl font-semibold text-gray-900 mb-4'>Markup Tools</h2><p class='mb-4'>Annotate drawings with these markup tools:</p><div class='grid md:grid-cols-2 gap-4 mt-4'><div class='bg-gray-50 rounded-lg p-4'><h4 class='font-medium text-gray-900'>Drawing Tools</h4><ul class='list-disc pl-6 space-y-1 text-sm text-gray-600 mt-2'><li>Pen (freehand drawing)</li><li>Highlighter</li><li>Rectangle, Circle, Line</li><li>Arrow and Callout</li><li>Cloud markup</li></ul></div><div class='bg-gray-50 rounded-lg p-4'><h4 class='font-medium text-gray-900'>Annotation Tools</h4><ul class='list-disc pl-6 space-y-1 text-sm text-gray-600 mt-2'><li>Text annotations</li><li>Stamps (Approved, Rejected, etc.)</li><li>Checkmarks and X marks</li><li>Dimension measurements</li><li>Links to tasks</li></ul></div></div></section><section class='mb-8'><h2 class='text-2xl font-semibold text-gray-900 mb-4'>ACC Build Integration</h2><p class='mb-4'>Sync markups with ACC Build to share annotations with the field team. Markups created in InvoratecAI appear in ACC Build and vice versa.</p><ol class='list-decimal pl-6 space-y-2'><li>Connect your ACC project in Settings</li><li>Markups sync automatically in both directions</li><li>View field team annotations in real-time</li><li>Collaborate across office and site</li></ol></section><section class='mb-8'><h2 class='text-2xl font-semibold text-gray-900 mb-4'>Version Comparison</h2><p class='mb-4'>Compare different revisions of the same drawing to identify changes.</p><ul class='list-disc pl-6 space-y-2'><li><strong>Side-by-side:</strong> View two versions next to each other</li><li><strong>Overlay:</strong> Superimpose versions with transparency</li><li><strong>Difference:</strong> Highlight additions and deletions</li><li><strong>Swipe:</strong> Drag slider to reveal changes</li></ul></section><section class='mb-8'><h2 class='text-2xl font-semibold text-gray-900 mb-4'>Approval Workflow</h2><p class='mb-4'>Manage the review and approval process for shop drawings:</p><ol class='list-decimal pl-6 space-y-2'><li>Upload drawing for review</li><li>Assign reviewers by discipline</li><li>Reviewers add markups and comments</li><li>Mark as Approved, Approved as Noted, or Rejected</li><li>Track revision history</li></ol></section>",,,,,,,,,
"docs.docsContent.web-reports","docs","<section class='mb-8'><h2 class='text-2xl font-semibold text-gray-900 mb-4'>Overview</h2><p class='mb-4'>The Reports & Analytics module provides project dashboards, team performance metrics, and exportable reports to keep stakeholders informed.</p></section><section class='mb-8'><h2 class='text-2xl font-semibold text-gray-900 mb-4'>Project Dashboard</h2><p class='mb-4'>The dashboard shows key project metrics at a glance:</p><div class='grid md:grid-cols-2 gap-4 mt-4'><div class='bg-gray-50 rounded-lg p-4'><h4 class='font-medium text-gray-900'>Task Metrics</h4><ul class='list-disc pl-6 space-y-1 text-sm text-gray-600 mt-2'><li>Total tasks and completion rate</li><li>Tasks by status breakdown</li><li>Overdue items count</li><li>Tasks due this week</li></ul></div><div class='bg-gray-50 rounded-lg p-4'><h4 class='font-medium text-gray-900'>Project Health</h4><ul class='list-disc pl-6 space-y-1 text-sm text-gray-600 mt-2'><li>Schedule variance</li><li>Budget utilization</li><li>Milestone status</li><li>Risk indicators</li></ul></div></div></section><section class='mb-8'><h2 class='text-2xl font-semibold text-gray-900 mb-4'>Team Performance</h2><p class='mb-4'>Track team productivity with metrics like tasks completed, hours logged, and utilization rates.</p><ul class='list-disc pl-6 space-y-2'><li><strong>Tasks Completed:</strong> Track completion by team member</li><li><strong>Hours Logged:</strong> Time tracking summaries</li><li><strong>Utilization Rate:</strong> Logged hours vs. available capacity</li><li><strong>Workload Balance:</strong> Identify overloaded team members</li><li><strong>Activity Feed:</strong> Recent actions and updates</li></ul><div class='bg-blue-50 border border-blue-200 rounded-lg p-4 mt-4'><p class='text-blue-800'><strong>Pro Tip:</strong> Use the team leaderboard to recognize top performers and motivate the team.</p></div></section><section class='mb-8'><h2 class='text-2xl font-semibold text-gray-900 mb-4'>Budget Tracking</h2><p class='mb-4'>Monitor project costs against budget. Track spending by team member, milestone, or task category.</p><ul class='list-disc pl-6 space-y-2'><li>Total budget vs. actual spend</li><li>Cost breakdown by milestone</li><li>Burn rate analysis</li><li>Forecast remaining budget</li><li>Alert thresholds (80%, 90%, 100%)</li></ul></section><section class='mb-8'><h2 class='text-2xl font-semibold text-gray-900 mb-4'>Exporting Reports</h2><p class='mb-4'>Export reports in multiple formats for sharing with stakeholders:</p><div class='space-y-3'><div class='flex items-start gap-3'><span class='text-xl'>📄</span><div><h4 class='font-medium text-gray-900'>PDF Export</h4><p class='text-gray-600 text-sm'>Formatted reports with charts, tables, and branding</p></div></div><div class='flex items-start gap-3'><span class='text-xl'>📊</span><div><h4 class='font-medium text-gray-900'>Excel Export</h4><p class='text-gray-600 text-sm'>Raw data for further analysis in spreadsheets</p></div></div><div class='flex items-start gap-3'><span class='text-xl'>📋</span><div><h4 class='font-medium text-gray-900'>CSV Export</h4><p class='text-gray-600 text-sm'>Simple data format for integration with other tools</p></div></div></div></section><section class='mb-8'><h2 class='text-2xl font-semibold text-gray-900 mb-4'>Scheduled Reports</h2><p class='mb-4'>Set up automatic report delivery to stakeholders:</p><ol class='list-decimal pl-6 space-y-2'><li>Choose report type and filters</li><li>Select delivery frequency (daily, weekly, monthly)</li><li>Add recipient email addresses</li><li>Reports are delivered automatically as PDF attachments</li></ol></section>",,,,,,,,,
"docs.docsContent.revit-assistant","docs","<section class='mb-8'><h2 class='text-2xl font-semibold text-gray-900 mb-4'>Overview</h2><p class='mb-4'>The AI Assistant lets you control Revit using natural language. Describe what you want to do in plain English, and the AI will execute the appropriate commands or scripts.</p><div class='bg-green-50 border border-green-200 rounded-lg p-4'><p class='text-green-800'><strong>Privacy Note:</strong> Your model data is processed securely and is NEVER used to train AI models.</p></div></section><section class='mb-8'><h2 class='text-2xl font-semibold text-gray-900 mb-4'>Natural Language Commands</h2><p class='mb-4'>Type or speak commands in conversational language. The AI understands context and can handle complex requests.</p><div class='bg-gray-50 rounded-lg p-4 mt-4'><h4 class='font-medium text-gray-900 mb-3'>Example Commands</h4><ul class='space-y-2 text-sm'><li class='p-2 bg-white rounded border'><strong>Selection:</strong> ""Select all walls on Level 1""</li><li class='p-2 bg-white rounded border'><strong>Modification:</strong> ""Change the height of selected doors to 2100mm""</li><li class='p-2 bg-white rounded border'><strong>Analysis:</strong> ""Find all elements with missing fire rating parameter""</li><li class='p-2 bg-white rounded border'><strong>Creation:</strong> ""Create a schedule of all mechanical equipment""</li><li class='p-2 bg-white rounded border'><strong>Export:</strong> ""Export a list of all room areas to Excel""</li><li class='p-2 bg-white rounded border'><strong>Query:</strong> ""How many windows are in this model?""</li></ul></div></section><section class='mb-8'><h2 class='text-2xl font-semibold text-gray-900 mb-4'>Voice Control</h2><p class='mb-4'>Click the microphone button to speak commands hands-free. Voice control is perfect for when you're working in the model and don't want to switch to the keyboard.</p><ul class='list-disc pl-6 space-y-2'><li>Press and hold the mic button to record</li><li>Release to process your command</li><li>Works in noisy environments with noise cancellation</li><li>Supports multiple languages</li></ul></section><section class='mb-8'><h2 class='text-2xl font-semibold text-gray-900 mb-4'>Code Execution</h2><p class='mb-4'>The AI can write and execute Python or C# scripts to accomplish complex tasks.</p><div class='bg-yellow-50 border border-yellow-200 rounded-lg p-4'><p class='text-yellow-800'><strong>Safety:</strong> Review generated code before execution. The AI shows you the code and asks for confirmation before running.</p></div><ul class='list-disc pl-6 space-y-2 mt-4'><li>Python scripts using Revit API</li><li>C# scripts for complex operations</li><li>Save useful scripts to your Tool Library</li><li>Share scripts with your team</li></ul></section><section class='mb-8'><h2 class='text-2xl font-semibold text-gray-900 mb-4'>Smart Tool Matching</h2><p class='mb-4'>The AI automatically matches your request to available tools in your library. If a suitable tool exists, it will suggest using it instead of writing new code.</p><ol class='list-decimal pl-6 space-y-2'><li>You describe what you want to do</li><li>AI searches your Tool Library for matching tools</li><li>If found, suggests the existing tool</li><li>If not, offers to create a new script</li></ol></section><section class='mb-8'><h2 class='text-2xl font-semibold text-gray-900 mb-4'>Context Awareness</h2><p class='mb-4'>The AI understands the context of your current session:</p><ul class='list-disc pl-6 space-y-2'><li><strong>Current selection:</strong> Works with your selected elements</li><li><strong>Active view:</strong> Knows which view you're in</li><li><strong>Previous commands:</strong> Maintains conversation context</li><li><strong>Model structure:</strong> Understands your project's organization</li></ul></section>",,,,,,,,,
"docs.docsContent.revit-tasks","docs","<section class='mb-8'><h2 class='text-2xl font-semibold text-gray-900 mb-4'>Overview</h2><p class='mb-4'>Manage tasks directly within Revit without switching to a browser. Tasks sync with the Web Platform so your team always has the latest information.</p></section><section class='mb-8'><h2 class='text-2xl font-semibold text-gray-900 mb-4'>Element Tracking</h2><p class='mb-4'>Link tasks to specific Revit elements for easy navigation:</p><ol class='list-decimal pl-6 space-y-3'><li><strong>Select elements</strong> in the Revit view</li><li>Click <strong>'Link to Task'</strong> in the task panel</li><li>Click the <strong>element link</strong> to zoom to that element anytime</li></ol><div class='bg-blue-50 border border-blue-200 rounded-lg p-4 mt-4'><p class='text-blue-800'><strong>Pro Tip:</strong> Linked elements are highlighted when viewing the task, making it easy to find issues in complex models.</p></div></section><section class='mb-8'><h2 class='text-2xl font-semibold text-gray-900 mb-4'>Creating Tasks</h2><p class='mb-4'>Create tasks directly from Revit:</p><ul class='list-disc pl-6 space-y-2'><li><strong>Quick Add:</strong> Use the + button in the Tasks panel</li><li><strong>From Selection:</strong> Right-click elements and choose ""Create Task""</li><li><strong>From Clash:</strong> Convert coordination clashes to tasks</li><li><strong>Voice Command:</strong> Say ""Create a task for...""</li></ul></section><section class='mb-8'><h2 class='text-2xl font-semibold text-gray-900 mb-4'>Time Tracking</h2><p class='mb-4'>Track time spent on tasks with the built-in timer.</p><ul class='list-disc pl-6 space-y-2'><li><strong>Start timer:</strong> Click the clock icon when you begin work</li><li><strong>Auto-pause:</strong> Timer pauses when Revit loses focus</li><li><strong>Manual entry:</strong> Add time entries for offline work</li><li><strong>Reports:</strong> View time summaries by task or project</li></ul></section><section class='mb-8'><h2 class='text-2xl font-semibold text-gray-900 mb-4'>Cloud Sync</h2><p class='mb-4'>All changes sync automatically with the cloud. Team members on the Web Platform see your updates in real-time, and you see theirs.</p><div class='space-y-3'><div class='flex items-center gap-3'><span class='w-3 h-3 rounded-full bg-green-500'></span><span class='text-sm text-gray-600'>Green indicator: Synced and up-to-date</span></div><div class='flex items-center gap-3'><span class='w-3 h-3 rounded-full bg-yellow-500'></span><span class='text-sm text-gray-600'>Yellow indicator: Syncing in progress</span></div><div class='flex items-center gap-3'><span class='w-3 h-3 rounded-full bg-red-500'></span><span class='text-sm text-gray-600'>Red indicator: Offline or sync error</span></div></div></section><section class='mb-8'><h2 class='text-2xl font-semibold text-gray-900 mb-4'>My Tasks View</h2><p class='mb-4'>The My Tasks view shows only tasks assigned to you.</p><ul class='list-disc pl-6 space-y-2'><li>Filter by status (To Do, In Progress, Done)</li><li>Filter by priority (High, Medium, Low)</li><li>Filter by due date (Overdue, Due Today, Due This Week)</li><li>Sort by any property</li></ul></section><section class='mb-8'><h2 class='text-2xl font-semibold text-gray-900 mb-4'>Task Panel Features</h2><div class='grid md:grid-cols-2 gap-4 mt-4'><div class='bg-gray-50 rounded-lg p-4'><h4 class='font-medium text-gray-900'>Task Details</h4><ul class='list-disc pl-6 space-y-1 text-sm text-gray-600 mt-2'><li>Title and description</li><li>Assignee and due date</li><li>Priority and status</li><li>Linked elements</li><li>Comments thread</li></ul></div><div class='bg-gray-50 rounded-lg p-4'><h4 class='font-medium text-gray-900'>Quick Actions</h4><ul class='list-disc pl-6 space-y-1 text-sm text-gray-600 mt-2'><li>Mark complete</li><li>Change status</li><li>Reassign</li><li>Add comment</li><li>Zoom to element</li></ul></div></div></section>",,,,,,,,,
"docs.docsContent.revit-tools","docs","<section class='mb-8'><h2 class='text-2xl font-semibold text-gray-900 mb-4'>Overview</h2><p class='mb-4'>The Tool Library manages Python scripts, C# scripts, and compiled DLL plugins. Run automation tools from a single interface and share tools with your team.</p></section><section class='mb-8'><h2 class='text-2xl font-semibold text-gray-900 mb-4'>DLL Plugins</h2><p class='mb-4'>Load compiled Revit plugins (.dll files) into the tool library. A single DLL can contain multiple commands, each appearing as a separate tool.</p><ul class='list-disc pl-6 space-y-2'><li>Tools are loaded automatically at Revit startup</li><li>Support for external commands and applications</li><li>Version tracking and updates</li><li>Dependencies managed automatically</li></ul></section><section class='mb-8'><h2 class='text-2xl font-semibold text-gray-900 mb-4'>Python Scripts</h2><p class='mb-4'>Execute Python scripts using the IronPython engine. Scripts have full access to the Revit API and can automate any task.</p><div class='bg-gray-900 rounded-lg p-4 mt-4'><pre class='text-green-400 text-sm overflow-x-auto'><code># Example: Select all walls on current level
from Autodesk.Revit.DB import *

doc = __revit__.ActiveUIDocument.Document
view = doc.ActiveView
level = view.GenLevel

walls = FilteredElementCollector(doc)\
    .OfClass(Wall)\
    .WhereElementIsNotElementType()\
    .ToElements()

level_walls = [w for w in walls if w.LevelId == level.Id]
print(f""Found &#123;'&#125;len(level_walls)&#125; walls on &#123;'&#125;level.Name&#125;"")</code></pre></div></section><section class='mb-8'><h2 class='text-2xl font-semibold text-gray-900 mb-4'>C# Scripts</h2><p class='mb-4'>Run C# code on-the-fly without compilation. The C# scripting engine compiles and executes your code instantly.</p><div class='bg-gray-900 rounded-lg p-4 mt-4'><pre class='text-blue-400 text-sm overflow-x-auto'><code>// Example: Rename all views by adding prefix
using Autodesk.Revit.DB;

var views = new FilteredElementCollector(doc)
    .OfClass(typeof(View))
    .Cast&lt;View&gt;()
    .Where(v => !v.IsTemplate);

using (Transaction t = new Transaction(doc, ""Rename Views""))
&#123;'&#125;
    t.Start();
    foreach (var view in views)
    &#123;'&#125;
        view.Name = ""PRJ-"" + view.Name;
    &#125;
    t.Commit();
&#125;</code></pre></div></section><section class='mb-8'><h2 class='text-2xl font-semibold text-gray-900 mb-4'>Organizing Tools</h2><p class='mb-4'>Organize tools into categories for easy discovery.</p><ul class='list-disc pl-6 space-y-2'><li><strong>Categories:</strong> Group tools by function (Selection, Export, Analysis, etc.)</li><li><strong>Tags:</strong> Add keywords for searchability</li><li><strong>Descriptions:</strong> Document what each tool does</li><li><strong>Icons:</strong> Custom icons for quick identification</li><li><strong>Favorites:</strong> Pin frequently used tools</li></ul></section><section class='mb-8'><h2 class='text-2xl font-semibold text-gray-900 mb-4'>Sharing Tools</h2><p class='mb-4'>Share tools with your team through the cloud:</p><ol class='list-decimal pl-6 space-y-2'><li>Right-click a tool and select ""Share""</li><li>Choose team members or share with entire organization</li><li>Shared tools sync automatically</li><li>Updates push to all users</li></ol><div class='bg-green-50 border border-green-200 rounded-lg p-4 mt-4'><p class='text-green-800'><strong>Team Libraries:</strong> Create shared tool libraries that sync across your organization.</p></div></section><section class='mb-8'><h2 class='text-2xl font-semibold text-gray-900 mb-4'>AI Tool Generation</h2><p class='mb-4'>Use the AI Assistant to generate new tools:</p><ol class='list-decimal pl-6 space-y-2'><li>Describe what you want the tool to do</li><li>AI generates Python or C# code</li><li>Review and test the generated script</li><li>Save to your Tool Library for reuse</li></ol></section>",,,,,,,,,
"docs.docsContent.revit-projects","docs","<section class='mb-8'><h2 class='text-2xl font-semibold text-gray-900 mb-4'>Overview</h2><p class='mb-4'>Project Management in the Revit add-in provides team management, budget tracking, and milestone planning. Keep all project information organized in one place.</p></section><section class='mb-8'><h2 class='text-2xl font-semibold text-gray-900 mb-4'>Creating Projects</h2><p class='mb-4'>Create a new project with basic information:</p><ul class='list-disc pl-6 space-y-2'><li><strong>Project name</strong> and description</li><li><strong>Project number</strong> and client information</li><li><strong>Location</strong> and address</li><li><strong>Start and end dates</strong></li><li><strong>Project type</strong> (Commercial, Residential, Infrastructure, etc.)</li></ul><div class='bg-blue-50 border border-blue-200 rounded-lg p-4 mt-4'><p class='text-blue-800'><strong>ACC Link:</strong> Link to an Autodesk Construction Cloud project to enable cloud sync and coordination features.</p></div></section><section class='mb-8'><h2 class='text-2xl font-semibold text-gray-900 mb-4'>Team Management</h2><p class='mb-4'>Add team members with roles, disciplines, and hourly rates.</p><div class='overflow-x-auto'><table class='min-w-full divide-y divide-gray-200 mt-4'><thead class='bg-gray-50'><tr><th class='px-4 py-3 text-left text-xs font-medium text-gray-500 uppercase'>Role</th><th class='px-4 py-3 text-left text-xs font-medium text-gray-500 uppercase'>Permissions</th></tr></thead><tbody class='bg-white divide-y divide-gray-200'><tr><td class='px-4 py-3 font-medium'>Admin</td><td class='px-4 py-3'>Full access to all features and settings</td></tr><tr><td class='px-4 py-3 font-medium'>Manager</td><td class='px-4 py-3'>Can manage tasks, team, and view reports</td></tr><tr><td class='px-4 py-3 font-medium'>Editor</td><td class='px-4 py-3'>Can create and edit tasks and content</td></tr><tr><td class='px-4 py-3 font-medium'>Viewer</td><td class='px-4 py-3'>Read-only access to project data</td></tr></tbody></table></div></section><section class='mb-8'><h2 class='text-2xl font-semibold text-gray-900 mb-4'>Budget Tracking</h2><p class='mb-4'>Set project budget and track spending in real-time.</p><ul class='list-disc pl-6 space-y-2'><li><strong>Total Budget:</strong> Set the overall project budget</li><li><strong>Milestone Budgets:</strong> Allocate budget to each milestone</li><li><strong>Time Tracking:</strong> Automatically calculate costs from logged hours</li><li><strong>Expense Tracking:</strong> Log additional project expenses</li><li><strong>Alerts:</strong> Get notified when approaching budget limits</li></ul></section><section class='mb-8'><h2 class='text-2xl font-semibold text-gray-900 mb-4'>Milestone Planning</h2><p class='mb-4'>Define project milestones with due dates, budgets, and deliverables.</p><div class='space-y-3'><div class='bg-gray-50 rounded-lg p-4'><h4 class='font-medium text-gray-900'>Milestone Properties</h4><ul class='list-disc pl-6 space-y-1 text-sm text-gray-600 mt-2'><li>Name and description</li><li>Target date</li><li>Budget allocation</li><li>Associated deliverables</li><li>Dependent tasks</li></ul></div></div></section><section class='mb-8'><h2 class='text-2xl font-semibold text-gray-900 mb-4'>Project Dashboard</h2><p class='mb-4'>The dashboard provides an at-a-glance view of project health:</p><div class='grid md:grid-cols-2 gap-4 mt-4'><div class='bg-gray-50 rounded-lg p-4 text-center'><div class='text-3xl font-bold text-primary-600'>75%</div><div class='text-sm text-gray-600'>Tasks Complete</div></div><div class='bg-gray-50 rounded-lg p-4 text-center'><div class='text-3xl font-bold text-green-600'>$45K</div><div class='text-sm text-gray-600'>Budget Remaining</div></div><div class='bg-gray-50 rounded-lg p-4 text-center'><div class='text-3xl font-bold text-blue-600'>12</div><div class='text-sm text-gray-600'>Team Members</div></div><div class='bg-gray-50 rounded-lg p-4 text-center'><div class='text-3xl font-bold text-orange-600'>3</div><div class='text-sm text-gray-600'>Milestones Due</div></div></div></section>",,,,,,,,,
"docs.docsContent.revit-acc","docs","<section class='mb-8'><h2 class='text-2xl font-semibold text-gray-900 mb-4'>Overview</h2><p class='mb-4'>The ACC Integration connects InvoratecAI to your Autodesk Construction Cloud projects. Sync models, import clashes, and manage project files from within Revit.</p></section><section class='mb-8'><h2 class='text-2xl font-semibold text-gray-900 mb-4'>Connecting to ACC</h2><p class='mb-4'>Connect your Autodesk account using secure OAuth authentication:</p><ol class='list-decimal pl-6 space-y-3'><li><strong>Click 'Connect to ACC'</strong> in the ACC Hub panel</li><li><strong>Sign in</strong> with your Autodesk ID in the browser</li><li><strong>Authorize InvoratecAI</strong> to access your ACC projects</li><li><strong>Select the ACC project</strong> to link to your InvoratecAI project</li></ol><div class='bg-green-50 border border-green-200 rounded-lg p-4 mt-4'><p class='text-green-800'><strong>Security:</strong> We use OAuth 2.0 and never store your Autodesk password. You can revoke access anytime from your Autodesk account settings.</p></div></section><section class='mb-8'><h2 class='text-2xl font-semibold text-gray-900 mb-4'>Hub Browser</h2><p class='mb-4'>Browse your ACC hubs and projects in a familiar tree structure. Navigate folders and view files without leaving Revit.</p><ul class='list-disc pl-6 space-y-2'><li>View all hubs and projects you have access to</li><li>Navigate folder structure</li><li>Preview files before opening</li><li>Download files to local storage</li><li>Upload files directly from Revit</li></ul></section><section class='mb-8'><h2 class='text-2xl font-semibold text-gray-900 mb-4'>Model Sync</h2><p class='mb-4'>Publish Revit models to your ACC project with one click.</p><ol class='list-decimal pl-6 space-y-2'><li>Click <strong>Publish to ACC</strong> in the toolbar</li><li>Select destination folder in ACC</li><li>Choose version name and notes</li><li>Model uploads and translates automatically</li><li>View in Web Platform's 3D viewer</li></ol></section><section class='mb-8'><h2 class='text-2xl font-semibold text-gray-900 mb-4'>Clash Import</h2><p class='mb-4'>Import coordination clashes from ACC Model Coordination.</p><ul class='list-disc pl-6 space-y-2'><li>Select clash test from ACC</li><li>Clashes import with 3D viewpoints</li><li>Assign to team members</li><li>Track resolution status</li><li>Sync status back to ACC</li></ul><div class='bg-blue-50 border border-blue-200 rounded-lg p-4 mt-4'><p class='text-blue-800'><strong>Two-way Sync:</strong> Resolution status syncs back to ACC, keeping both platforms in alignment.</p></div></section><section class='mb-8'><h2 class='text-2xl font-semibold text-gray-900 mb-4'>Document Management</h2><p class='mb-4'>Access and manage ACC documents from Revit:</p><ul class='list-disc pl-6 space-y-2'><li><strong>View Documents:</strong> Open PDFs and drawings</li><li><strong>Link Documents:</strong> Attach ACC files to tasks</li><li><strong>Upload:</strong> Push documents to ACC</li><li><strong>Version Control:</strong> Access file history</li></ul></section><section class='mb-8'><h2 class='text-2xl font-semibold text-gray-900 mb-4'>Supported ACC Features</h2><div class='overflow-x-auto'><table class='min-w-full divide-y divide-gray-200 mt-4'><thead class='bg-gray-50'><tr><th class='px-4 py-3 text-left text-xs font-medium text-gray-500 uppercase'>Feature</th><th class='px-4 py-3 text-left text-xs font-medium text-gray-500 uppercase'>Support</th></tr></thead><tbody class='bg-white divide-y divide-gray-200'><tr><td class='px-4 py-3'>ACC Docs</td><td class='px-4 py-3'><span class='px-2 py-1 text-xs font-medium rounded-full bg-green-100 text-green-800'>Full Support</span></td></tr><tr><td class='px-4 py-3'>Model Coordination</td><td class='px-4 py-3'><span class='px-2 py-1 text-xs font-medium rounded-full bg-green-100 text-green-800'>Full Support</span></td></tr><tr><td class='px-4 py-3'>Design Collaboration</td><td class='px-4 py-3'><span class='px-2 py-1 text-xs font-medium rounded-full bg-green-100 text-green-800'>Full Support</span></td></tr><tr><td class='px-4 py-3'>ACC Build</td><td class='px-4 py-3'><span class='px-2 py-1 text-xs font-medium rounded-full bg-green-100 text-green-800'>Full Support</span></td></tr><tr><td class='px-4 py-3'>Insight</td><td class='px-4 py-3'><span class='px-2 py-1 text-xs font-medium rounded-full bg-yellow-100 text-yellow-800'>Coming Soon</span></td></tr></tbody></table></div></section>",,,,,,,,,
"featuresPage.webFeatures.coordination.highlights.clashDetection.desc","featuresPage","View ACC coordination clashes",,,,,,,,,
"featuresPage.webFeatures.coordination.highlights.comparison.label","featuresPage","Model Compare",,,,,,,,,
"featuresPage.webFeatures.coordination.highlights.comparison.desc","featuresPage","Compare model versions",,,,,,,,,
"featuresPage.webFeatures.coordination.highlights.accSync.label","featuresPage","ACC Sync",,,,,,,,,
"featuresPage.webFeatures.coordination.highlights.accSync.desc","featuresPage","Sync with Autodesk Construction Cloud",,,,,,,,,
"featuresPage.webFeatures.coordination.properties.viewer.name","featuresPage","Coordination Viewer",,,,,,,,,
"featuresPage.webFeatures.coordination.properties.viewer.desc","featuresPage","Model clash visualization",,,,,,,,,
"featuresPage.webFeatures.coordination.properties.sets.name","featuresPage","Coordination Sets",,,,,,,,,
"featuresPage.webFeatures.coordination.properties.sets.desc","featuresPage","ACC clash sets",,,,,,,,,
"featuresPage.webFeatures.coordination.properties.status.name","featuresPage","Clash Status",,,,,,,,,
"featuresPage.webFeatures.coordination.properties.status.desc","featuresPage","Resolution tracking",,,,,,,,,
"featuresPage.webFeatures.coordination.properties.discipline.name","featuresPage","Discipline",,,,,,,,,
"featuresPage.webFeatures.coordination.properties.discipline.type","featuresPage","Select",,,,,,,,,
"featuresPage.webFeatures.coordination.properties.discipline.desc","featuresPage","MEP/Structural/Architectural tags",,,,,,,,,
"featuresPage.webFeatures.sheets.title","featuresPage","Shop Drawings",,,,,,,,,
"featuresPage.webFeatures.sheets.subtitle","featuresPage","2D drawing viewing and markup",,,,,,,,,
"featuresPage.webFeatures.sheets.highlights.viewer2d.label","featuresPage","2D Viewer",,,,,,,,,
"featuresPage.webFeatures.sheets.highlights.viewer2d.desc","featuresPage","View PDF and DWG drawings",,,,,,,,,
"featuresPage.webFeatures.sheets.highlights.markup.label","featuresPage","Markup Tools",,,,,,,,,
"featuresPage.webFeatures.sheets.highlights.markup.desc","featuresPage","Add annotations and comments",,,,,,,,,
"featuresPage.webFeatures.sheets.highlights.accSync.label","featuresPage","ACC Build Sync",,,,,,,,,
"featuresPage.webFeatures.sheets.highlights.accSync.desc","featuresPage","Sync markups with ACC Build",,,,,,,,,
"featuresPage.webFeatures.sheets.highlights.versionCompare.label","featuresPage","Version Compare",,,,,,,,,
"featuresPage.webFeatures.sheets.highlights.versionCompare.desc","featuresPage","Compare drawing revisions",,,,,,,,,
"featuresPage.webFeatures.sheets.properties.viewer.name","featuresPage","Sheet Viewer",,,,,,,,,
"featuresPage.webFeatures.sheets.properties.viewer.desc","featuresPage","Embedded 2D drawing viewer",,,,,,,,,
"featuresPage.webFeatures.sheets.properties.markup.name","featuresPage","Sheet Markup",,,,,,,,,
"featuresPage.webFeatures.sheets.properties.markup.desc","featuresPage","ACC Build markup sync",,,,,,,,,
"featuresPage.webFeatures.sheets.properties.revision.name","featuresPage","Revision",,,,,,,,,
"featuresPage.webFeatures.sheets.properties.revision.type","featuresPage","Select",,,,,,,,,
"featuresPage.webFeatures.sheets.properties.revision.desc","featuresPage","Drawing revision tracking",,,,,,,,,
"featuresPage.webFeatures.sheets.properties.approval.name","featuresPage","Approval Status",,,,,,,,,
"featuresPage.webFeatures.sheets.properties.approval.desc","featuresPage","Approval workflow",,,,,,,,,
"featuresPage.webFeatures.reports.title","featuresPage","Reports & Analytics",,,,,,,,,
"featuresPage.webFeatures.reports.subtitle","featuresPage","Project insights and metrics",,,,,,,,,
"featuresPage.webFeatures.reports.highlights.dashboard.desc","featuresPage","Real-time project metrics",,,,,,,,,
"featuresPage.webFeatures.reports.highlights.teamPerformance.label","featuresPage","Team Performance",,,,,,,,,
"featuresPage.webFeatures.reports.highlights.teamPerformance.desc","featuresPage","Track team productivity",,,,,,,,,
"featuresPage.webFeatures.reports.highlights.budget.label","featuresPage","Budget Tracking",,,,,,,,,
"featuresPage.webFeatures.reports.highlights.budget.desc","featuresPage","Monitor costs and spending",,,,,,,,,
"featuresPage.webFeatures.reports.highlights.export.label","featuresPage","Export Reports",,,,,,,,,
"featuresPage.webFeatures.reports.highlights.export.desc","featuresPage","Generate PDF/Excel reports",,,,,,,,,
"featuresPage.webFeatures.reports.properties.timeTracking.name","featuresPage","Time Tracking",,,,,,,,,
"featuresPage.webFeatures.reports.properties.timeTracking.desc","featuresPage","Tracked and manual time",,,,,,,,,
"featuresPage.webFeatures.reports.properties.budget.name","featuresPage","Budget",,,,,,,,,
"featuresPage.webFeatures.reports.properties.budget.type","featuresPage","Number",,,,,,,,,
"featuresPage.webFeatures.reports.properties.budget.desc","featuresPage","Cost tracking fields",,,,,,,,,
"featuresPage.webFeatures.reports.properties.utilization.name","featuresPage","Utilization",,,,,,,,,
"featuresPage.webFeatures.reports.properties.utilization.type","featuresPage","Formula",,,,,,,,,
"featuresPage.webFeatures.reports.properties.utilization.desc","featuresPage","Calculated efficiency",,,,,,,,,
"featuresPage.webFeatures.reports.properties.rollup.name","featuresPage","Rollup",,,,,,,,,
"featuresPage.webFeatures.reports.properties.rollup.type","featuresPage","Advanced",,,,,,,,,
"featuresPage.webFeatures.reports.properties.rollup.desc","featuresPage","Aggregated metrics",,,,,,,,,
"featuresPage.bimFeatures.tasks.title","featuresPage","Task Management",,,,,,,,,
"featuresPage.bimFeatures.tasks.subtitle","featuresPage","Dynamic task management within Revit",,,,,,,,,
"featuresPage.bimFeatures.tasks.highlights.inRevit.label","featuresPage","In-Revit Tasks",,,,,,,,,
"featuresPage.bimFeatures.tasks.highlights.inRevit.desc","featuresPage","Manage tasks without leaving Revit",,,,,,,,,
"featuresPage.bimFeatures.tasks.highlights.elementTracking.label","featuresPage","Element Tracking",,,,,,,,,
"featuresPage.bimFeatures.tasks.highlights.elementTracking.desc","featuresPage","Link tasks to Revit elements",,,,,,,,,
"featuresPage.bimFeatures.tasks.highlights.timeTracking.label","featuresPage","Time Tracking",,,,,,,,,
"featuresPage.bimFeatures.tasks.highlights.timeTracking.desc","featuresPage","Built-in timer and manual time entry",,,,,,,,,
"featuresPage.bimFeatures.tasks.highlights.cloudSync.label","featuresPage","Cloud Sync",,,,,,,,,
"featuresPage.bimFeatures.tasks.highlights.cloudSync.desc","featuresPage","Sync with web platform",,,,,,,,,
"featuresPage.bimFeatures.tasks.properties.elements.name","featuresPage","Revit Elements",,,,,,,,,
"featuresPage.bimFeatures.tasks.properties.elements.desc","featuresPage","Track Revit elements by UniqueId",,,,,,,,,
"featuresPage.bimFeatures.tasks.properties.dateHours.name","featuresPage","Date Hours",,,,,,,,,
"featuresPage.bimFeatures.tasks.properties.dateHours.desc","featuresPage","Date + hours + person entries",,,,,,,,,
"featuresPage.bimFeatures.tasks.properties.trackedTime.name","featuresPage","Tracked Time",,,,,,,,,
"featuresPage.bimFeatures.tasks.properties.trackedTime.desc","featuresPage","Timer-based time tracking",,,,,,,,,
"featuresPage.bimFeatures.tasks.properties.manualTime.name","featuresPage","Manual Time",,,,,,,,,
"featuresPage.bimFeatures.tasks.properties.manualTime.desc","featuresPage","Manual time entries",,,,,,,,,
"featuresPage.bimFeatures.tasks.properties.totalTime.name","featuresPage","Total Time",,,,,,,,,
"featuresPage.bimFeatures.tasks.properties.totalTime.type","featuresPage","Calculated",,,,,,,,,
"featuresPage.bimFeatures.tasks.properties.totalTime.desc","featuresPage","Sum of tracked + manual",,,,,,,,,
"featuresPage.bimFeatures.assistant.subtitle","featuresPage","Natural language automation",,,,,,,,,
"featuresPage.bimFeatures.assistant.highlights.naturalLanguage.label","featuresPage","Natural Language",,,,,,,,,
"featuresPage.bimFeatures.assistant.highlights.naturalLanguage.desc","featuresPage","Describe tasks in plain English",,,,,,,,,
"featuresPage.bimFeatures.assistant.highlights.voiceControl.label","featuresPage","Voice Control",,,,,,,,,
"featuresPage.bimFeatures.assistant.highlights.voiceControl.desc","featuresPage","Hands-free voice commands",,,,,,,,,
"featuresPage.bimFeatures.assistant.highlights.codeExecution.label","featuresPage","Code Execution",,,,,,,,,
"featuresPage.bimFeatures.assistant.highlights.codeExecution.desc","featuresPage","Run Python/C# scripts directly",,,,,,,,,
"featuresPage.bimFeatures.assistant.highlights.toolMatching.label","featuresPage","Tool Matching",,,,,,,,,
"featuresPage.bimFeatures.assistant.highlights.toolMatching.desc","featuresPage","AI matches your request to tools",,,,,,,,,
"featuresPage.bimFeatures.assistant.properties.chat.name","featuresPage","Chat Interface",,,,,,,,,
"featuresPage.bimFeatures.assistant.properties.chat.desc","featuresPage","Conversational AI interaction",,,,,,,,,
"featuresPage.bimFeatures.assistant.properties.script.name","featuresPage","Script Execution",,,,,,,,,
"featuresPage.bimFeatures.assistant.properties.script.type","featuresPage","Feature",,,,,,,,,
"featuresPage.bimFeatures.assistant.properties.script.desc","featuresPage","Execute Python/C# code",,,,,,,,,
"featuresPage.bimFeatures.assistant.properties.recommendations.name","featuresPage","Tool Recommendations",,,,,,,,,
"featuresPage.bimFeatures.assistant.properties.recommendations.desc","featuresPage","Smart tool suggestions",,,,,,,,,
"featuresPage.bimFeatures.assistant.properties.history.name","featuresPage","History",,,,,,,,,
"featuresPage.bimFeatures.assistant.properties.history.type","featuresPage","Feature",,,,,,,,,
"featuresPage.bimFeatures.assistant.properties.history.desc","featuresPage","Chat history and context",,,,,,,,,
"featuresPage.bimFeatures.dashboard.subtitle","featuresPage","Real-time project overview",,,,,,,,,
"featuresPage.bimFeatures.dashboard.highlights.stats.label","featuresPage","Project Stats",,,,,,,,,
"featuresPage.bimFeatures.dashboard.highlights.stats.desc","featuresPage","Pages, tasks, team at a glance",,,,,,,,,
"featuresPage.bimFeatures.dashboard.highlights.budget.label","featuresPage","Budget Overview",,,,,,,,,
"featuresPage.bimFeatures.dashboard.highlights.budget.desc","featuresPage","Track spending and remaining",,,,,,,,,
"featuresPage.bimFeatures.dashboard.highlights.teamHours.label","featuresPage","Team Hours",,,,,,,,,
"featuresPage.bimFeatures.dashboard.highlights.teamHours.desc","featuresPage","See team time allocation",,,,,,,,,
"featuresPage.bimFeatures.dashboard.highlights.milestones.label","featuresPage","Milestones",,,,,,,,,
"featuresPage.bimFeatures.dashboard.highlights.milestones.desc","featuresPage","Upcoming deadlines and deliverables",,,,,,,,,
"featuresPage.bimFeatures.dashboard.properties.totalBudget.name","featuresPage","Total Budget",,,,,,,,,
"featuresPage.bimFeatures.dashboard.properties.totalBudget.type","featuresPage","Currency",,,,,,,,,
"featuresPage.bimFeatures.dashboard.properties.totalBudget.desc","featuresPage","Project budget allocation",,,,,,,,,
"featuresPage.bimFeatures.dashboard.properties.spentBudget.name","featuresPage","Spent Budget",,,,,,,,,
"featuresPage.bimFeatures.dashboard.properties.spentBudget.type","featuresPage","Currency",,,,,,,,,
"featuresPage.bimFeatures.dashboard.properties.spentBudget.desc","featuresPage","Actual spending",,,,,,,,,
"featuresPage.bimFeatures.dashboard.properties.teamMembers.type","featuresPage","Collection",,,,,,,,,
"featuresPage.bimFeatures.dashboard.properties.teamMembers.desc","featuresPage","Team member list",,,,,,,,,
"featuresPage.bimFeatures.dashboard.properties.milestones.name","featuresPage","Milestones",,,,,,,,,
"featuresPage.bimFeatures.dashboard.properties.milestones.type","featuresPage","Collection",,,,,,,,,
"featuresPage.bimFeatures.dashboard.properties.milestones.desc","featuresPage","Project milestones",,,,,,,,,
"featuresPage.bimFeatures.tools.title","featuresPage","Tool Library",,,,,,,,,
"featuresPage.bimFeatures.tools.subtitle","featuresPage","Plugin and script management",,,,,,,,,
"featuresPage.bimFeatures.tools.highlights.dllPlugins.label","featuresPage","DLL Plugins",,,,,,,,,
"featuresPage.bimFeatures.tools.highlights.dllPlugins.desc","featuresPage","Load compiled Revit plugins",,,,,,,,,
"featuresPage.bimFeatures.tools.highlights.pythonScripts.label","featuresPage","Python Scripts",,,,,,,,,
"featuresPage.bimFeatures.tools.highlights.pythonScripts.desc","featuresPage","Execute Python automation",,,,,,,,,
"featuresPage.bimFeatures.tools.highlights.csharpScripts.label","featuresPage","C# Scripts",,,,,,,,,
"featuresPage.bimFeatures.tools.highlights.csharpScripts.desc","featuresPage","Run C# code on-the-fly",,,,,,,,,
"featuresPage.bimFeatures.tools.highlights.multiPlugin.label","featuresPage","Multi-Plugin DLLs",,,,,,,,,
"featuresPage.bimFeatures.tools.highlights.multiPlugin.desc","featuresPage","One DLL can host multiple plugins",,,,,,,,,
"featuresPage.bimFeatures.tools.properties.name.type","featuresPage","Metadata",,,,,,,,,
"featuresPage.bimFeatures.tools.properties.name.desc","featuresPage","Tool display name",,,,,,,,,
"featuresPage.bimFeatures.tools.properties.description.type","featuresPage","Metadata",,,,,,,,,
"featuresPage.bimFeatures.tools.properties.description.desc","featuresPage","Tool description",,,,,,,,,
"featuresPage.bimFeatures.tools.properties.category.type","featuresPage","Metadata",,,,,,,,,
"featuresPage.bimFeatures.tools.properties.category.desc","featuresPage","Tool category grouping",,,,,,,,,
"featuresPage.bimFeatures.tools.properties.keywords.name","featuresPage","Keywords",,,,,,,,,
"featuresPage.bimFeatures.tools.properties.keywords.type","featuresPage","Metadata",,,,,,,,,
"featuresPage.bimFeatures.tools.properties.keywords.desc","featuresPage","Search keywords",,,,,,,,,
"featuresPage.bimFeatures.tools.properties.author.name","featuresPage","Author",,,,,,,,,
"featuresPage.bimFeatures.tools.properties.author.type","featuresPage","Metadata",,,,,,,,,
"featuresPage.bimFeatures.tools.properties.author.desc","featuresPage","Tool creator",,,,,,,,,
"featuresPage.bimFeatures.tools.properties.version.name","featuresPage","Version",,,,,,,,,
"featuresPage.bimFeatures.tools.properties.version.type","featuresPage","Metadata",,,,,,,,,
"featuresPage.bimFeatures.tools.properties.version.desc","featuresPage","Version number",,,,,,,,,
"featuresPage.bimFeatures.projects.title","featuresPage","Project Management",,,,,,,,,
"featuresPage.bimFeatures.projects.subtitle","featuresPage","Team and budget tracking",,,,,,,,,
"featuresPage.bimFeatures.projects.highlights.projectCards.label","featuresPage","Project Cards",,,,,,,,,
"featuresPage.bimFeatures.projects.highlights.projectCards.desc","featuresPage","Visual project overview",,,,,,,,,
"featuresPage.bimFeatures.projects.highlights.teamManagement.label","featuresPage","Team Management",,,,,,,,,
"featuresPage.bimFeatures.projects.highlights.teamManagement.desc","featuresPage","Assign roles and track hours",,,,,,,,,
"featuresPage.bimFeatures.projects.highlights.accIntegration.label","featuresPage","ACC Integration",,,,,,,,,
"featuresPage.bimFeatures.projects.highlights.accIntegration.desc","featuresPage","Link to Autodesk projects",,,,,,,,,
"featuresPage.bimFeatures.projects.highlights.budgetTracking.label","featuresPage","Budget Tracking",,,,,,,,,
"featuresPage.bimFeatures.projects.highlights.budgetTracking.desc","featuresPage","Monitor costs per team member",,,,,,,,,
"featuresPage.bimFeatures.projects.properties.name.desc","featuresPage","Project name",,,,,,,,,
"featuresPage.bimFeatures.projects.properties.client.desc","featuresPage","Client name",,,,,,,,,
"featuresPage.bimFeatures.projects.properties.projectNumber.name","featuresPage","Project Number",,,,,,,,,
"featuresPage.bimFeatures.projects.properties.projectNumber.desc","featuresPage","Project identifier",,,,,,,,,
"featuresPage.bimFeatures.projects.properties.accProjectId.name","featuresPage","ACC Project ID",,,,,,,,,
"featuresPage.bimFeatures.projects.properties.accProjectId.desc","featuresPage","ACC project connection",,,,,,,,,
"featuresPage.bimFeatures.projects.properties.linkPath.name","featuresPage","Invoratec Link Path",,,,,,,,,
"featuresPage.bimFeatures.projects.properties.linkPath.desc","featuresPage","Model publish folder",,,,,,,,,
"featuresPage.bimFeatures.projects.properties.status.type","featuresPage","Select",,,,,,,,,
"featuresPage.bimFeatures.projects.properties.status.desc","featuresPage","Planning/In Progress/On Hold/Completed",,,,,,,,,
"featuresPage.bimFeatures.projects.properties.completion.name","featuresPage","Completion %",,,,,,,,,
"featuresPage.bimFeatures.projects.properties.completion.type","featuresPage","Number",,,,,,,,,
"featuresPage.bimFeatures.projects.properties.completion.desc","featuresPage","Progress percentage",,,,,,,,,
"featuresPage.bimFeatures.acc.title","featuresPage","ACC Integration",,,,,,,,,
"featuresPage.bimFeatures.acc.highlights.hubBrowser.label","featuresPage","Hub Browser",,,,,,,,,
"featuresPage.bimFeatures.acc.highlights.hubBrowser.desc","featuresPage","Browse ACC hubs and projects",,,,,,,,,
"featuresPage.bimFeatures.acc.highlights.modelLinking.label","featuresPage","Model Linking",,,,,,,,,
"featuresPage.bimFeatures.acc.highlights.modelLinking.desc","featuresPage","Link Invoratec to ACC projects",,,,,,,,,
"featuresPage.bimFeatures.acc.highlights.auth.label","featuresPage","3-Legged Auth",,,,,,,,,
"featuresPage.bimFeatures.acc.highlights.auth.desc","featuresPage","Secure Autodesk authentication",,,,,,,,,
"featuresPage.bimFeatures.acc.highlights.fileSync.label","featuresPage","File Sync",,,,,,,,,
"featuresPage.bimFeatures.acc.highlights.fileSync.desc","featuresPage","Sync models to Invoratec folder",,,,,,,,,
"featuresPage.bimFeatures.acc.properties.hubId.name","featuresPage","ACC Hub ID",,,,,,,,,
"featuresPage.bimFeatures.acc.properties.hubId.desc","featuresPage","Connected ACC hub",,,,,,,,,
"featuresPage.bimFeatures.acc.properties.projectId.name","featuresPage","ACC Project ID",,,,,,,,,
"featuresPage.bimFeatures.acc.properties.projectId.desc","featuresPage","Connected ACC project",,,,,,,,,
"featuresPage.bimFeatures.acc.properties.accountId.name","featuresPage","ACC Account ID",,,,,,,,,
"featuresPage.bimFeatures.acc.properties.accountId.desc","featuresPage","ACC account identifier",,,,,,,,,
"featuresPage.bimFeatures.acc.properties.isAuth.name","featuresPage","Is Authenticated",,,,,,,,,
"featuresPage.bimFeatures.acc.properties.isAuth.type","featuresPage","Boolean",,,,,,,,,
"featuresPage.bimFeatures.acc.properties.isAuth.desc","featuresPage","Auth status",,,,,,,,,
"featuresPage.dataModels.title","featuresPage","Project Management Data Models",,,,,,,,,
"featuresPage.dataModels.subtitle","featuresPage","Complete data structures for team management and milestone tracking",,,,,,,,,
"featuresPage.dataModels.teamMember.title","featuresPage","Team Member",,,,,,,,,
"featuresPage.dataModels.teamMember.subtitle","featuresPage","Track team performance and costs",,,,,,,,,
"featuresPage.dataModels.teamMember.properties.name.desc","featuresPage","Team member name",,,,,,,,,
"featuresPage.dataModels.teamMember.properties.email.name","featuresPage","Email",,,,,,,,,
"featuresPage.dataModels.teamMember.properties.email.type","featuresPage","Email",,,,,,,,,
"featuresPage.dataModels.teamMember.properties.email.desc","featuresPage","Contact email",,,,,,,,,
"featuresPage.dataModels.teamMember.properties.role.type","featuresPage","Select",,,,,,,,,
"featuresPage.dataModels.teamMember.properties.role.desc","featuresPage","Modeler, Coordinator, Lead, etc.",,,,,,,,,
"featuresPage.dataModels.teamMember.properties.discipline.name","featuresPage","Discipline",,,,,,,,,
"featuresPage.dataModels.teamMember.properties.discipline.type","featuresPage","Select",,,,,,,,,
"featuresPage.dataModels.teamMember.properties.discipline.desc","featuresPage","MEP, Structural, Architectural, etc.",,,,,,,,,
"featuresPage.dataModels.teamMember.properties.hourlyRate.name","featuresPage","Hourly Rate",,,,,,,,,
"featuresPage.dataModels.teamMember.properties.hourlyRate.type","featuresPage","Currency",,,,,,,,,
"featuresPage.dataModels.teamMember.properties.hourlyRate.desc","featuresPage","Cost per hour",,,,,,,,,
"featuresPage.dataModels.teamMember.properties.hoursSpent.name","featuresPage","Hours Spent",,,,,,,,,
"featuresPage.dataModels.teamMember.properties.hoursSpent.type","featuresPage","Number",,,,,,,,,
"featuresPage.dataModels.teamMember.properties.hoursSpent.desc","featuresPage","Logged hours",,,,,,,,,
"featuresPage.dataModels.teamMember.properties.budgetedHours.name","featuresPage","Budgeted Hours",,,,,,,,,
"featuresPage.dataModels.teamMember.properties.budgetedHours.type","featuresPage","Number",,,,,,,,,
"featuresPage.dataModels.teamMember.properties.budgetedHours.desc","featuresPage","Allocated hours",,,,,,,,,
"featuresPage.dataModels.teamMember.properties.totalCost.name","featuresPage","Total Cost",,,,,,,,,
"featuresPage.dataModels.teamMember.properties.totalCost.type","featuresPage","Calculated",,,,,,,,,
"featuresPage.dataModels.teamMember.properties.totalCost.desc","featuresPage","Rate × Hours",,,,,,,,,
"featuresPage.dataModels.teamMember.properties.utilization.name","featuresPage","Utilization",,,,,,,,,
"featuresPage.dataModels.teamMember.properties.utilization.type","featuresPage","Calculated",,,,,,,,,
"featuresPage.dataModels.teamMember.properties.utilization.desc","featuresPage","Hours/Budget %",,,,,,,,,
"featuresPage.dataModels.milestone.subtitle","featuresPage","Track project deliverables and deadlines",,,,,,,,,
"featuresPage.dataModels.milestone.properties.name.desc","featuresPage","Milestone name",,,,,,,,,
"featuresPage.dataModels.milestone.properties.description.type","featuresPage","Long Text",,,,,,,,,
"featuresPage.dataModels.milestone.properties.description.desc","featuresPage","Milestone details",,,,,,,,,
"featuresPage.dataModels.milestone.properties.dueDate.desc","featuresPage","Target completion date",,,,,,,,,
"featuresPage.dataModels.milestone.properties.status.type","featuresPage","Select",,,,,,,,,
"featuresPage.dataModels.milestone.properties.status.desc","featuresPage","Not Started/In Progress/At Risk/Completed/Delayed",,,,,,,,,
"featuresPage.dataModels.milestone.properties.allocatedBudget.name","featuresPage","Allocated Budget",,,,,,,,,
"featuresPage.dataModels.milestone.properties.allocatedBudget.type","featuresPage","Currency",,,,,,,,,
"featuresPage.dataModels.milestone.properties.allocatedBudget.desc","featuresPage","Budget for this milestone",,,,,,,,,
"featuresPage.dataModels.milestone.properties.spentBudget.name","featuresPage","Spent Budget",,,,,,,,,
"featuresPage.dataModels.milestone.properties.spentBudget.type","featuresPage","Currency",,,,,,,,,
"featuresPage.dataModels.milestone.properties.spentBudget.desc","featuresPage","Amount spent",,,,,,,,,
"featuresPage.dataModels.milestone.properties.dependencies.name","featuresPage","Dependencies",,,,,,,,,
"featuresPage.dataModels.milestone.properties.dependencies.desc","featuresPage","Depends on other milestones",,,,,,,,,
"featuresPage.dataModels.milestone.properties.deliverables.name","featuresPage","Deliverables",,,,,,,,,
"featuresPage.dataModels.milestone.properties.deliverables.desc","featuresPage","Expected deliverables",,,,,,,,,
"featuresPage.propertySystem.badge","featuresPage","45+ Property Types",,,,,,,,,
"featuresPage.propertySystem.categories.relations","featuresPage","Relations",,,,,,,,,
"featuresPage.propertySystem.categories.autoGenerated","featuresPage","Auto-Generated",,,,,,,,,
"featuresPage.comparison.title","featuresPage","Platform Comparison",,,,,,,,,
"featuresPage.comparison.subtitle","featuresPage","Feature availability across Web and Revit platforms",,,,,,,,,
"featuresPage.comparison.feature","featuresPage","Feature",,,,,,,,,
"featuresPage.comparison.webPlatform","featuresPage","Web Platform",,,,,,,,,
"featuresPage.comparison.revitAddin","featuresPage","Revit Add-in",,,,,,,,,
"featuresPage.comparison.features.taskManagement","featuresPage","Task Management (45+ property types)",,,,,,,,,
"featuresPage.comparison.features.modelViewer","featuresPage","3D Model Viewer (APS)",,,,,,,,,
"featuresPage.comparison.features.gantt","featuresPage","Gantt Chart/Timeline",,,,,,,,,
"featuresPage.comparison.features.kanban","featuresPage","Kanban Board",,,,,,,,,
"featuresPage.comparison.features.aiAssistant","featuresPage","AI Assistant (Natural Language)",,,,,,,,,
"featuresPage.comparison.features.revitTracking","featuresPage","Revit Element Tracking",,,,,,,,,
"featuresPage.comparison.features.toolLibrary","featuresPage","Tool Library (Python/C#/DLL)",,,,,,,,,
"featuresPage.comparison.features.accIntegration","featuresPage","ACC Integration",,,,,,,,,
"featuresPage.comparison.features.shopDrawing","featuresPage","Shop Drawing Markup",,,,,,,,,
"featuresPage.comparison.features.coordination","featuresPage","Coordination/Clash Management",,,,,,,,,
"featuresPage.comparison.features.teamBudget","featuresPage","Team & Budget Tracking",,,,,,,,,
"featuresPage.comparison.features.languages","featuresPage","20+ Languages",,,,,,,,,
"featuresPage.cta.downloadAddin","featuresPage","Download Add-in",,,,,,,,,
"featuresPage.availableProperties","featuresPage","Available Properties",,,,,,,,,
"mockUI.tasks.title","mockUI","Tasks",,,,,,,,,
"mockUI.tasks.allTasks","mockUI","All Tasks",,,,,,,,,
"mockUI.tasks.review","mockUI","Review",,,,,,,,,
"mockUI.viewer.title","mockUI","3D Viewer",,,,,,,,,
"mockUI.viewer.loading","mockUI","Loading model...",,,,,,,,,
"mockUI.viewer.rotate","mockUI","Rotate",,,,,,,,,
"mockUI.viewer.reset","mockUI","Reset View",,,,,,,,,
"mockUI.viewer.layers","mockUI","Layers",,,,,,,,,
"mockUI.viewer.annotations","mockUI","Annotations",,,,,,,,,
"mockUI.timeline.today","mockUI","Today",,,,,,,,,
"mockUI.timeline.month","mockUI","Month",,,,,,,,,
"mockUI.timeline.progress","mockUI","Progress",,,,,,,,,
"mockUI.coordination.clashes","mockUI","Clashes",,,,,,,,,
"mockUI.coordination.issues","mockUI","Issues",,,,,,,,,
"mockUI.coordination.pending","mockUI","Pending",,,,,,,,,
"mockUI.coordination.severity","mockUI","Severity",,,,,,,,,
"mockUI.coordination.discipline","mockUI","Discipline",,,,,,,,,
"mockUI.ai.askAnything","mockUI","Ask anything about your project...",,,,,,,,,
"mockUI.ai.suggestions","mockUI","Suggestions",,,,,,,,,
"mockUI.ai.thinking","mockUI","Thinking...",,,,,,,,,
"mockUI.tools.title","mockUI","Tools",,,,,,,,,
"mockUI.tools.scripts","mockUI","Scripts",,,,,,,,,
"mockUI.tools.templates","mockUI","Templates",,,,,,,,,
"mockUI.tools.automation","mockUI","Automation",,,,,,,,,
"mockUI.reports.schedule","mockUI","Schedule",,,,,,,,,
"mockUI.projects.title","mockUI","Projects",,,,,,,,,
"mockUI.projects.recent","mockUI","Recent",,,,,,,,,
"mockUI.projects.all","mockUI","All Projects",,,,,,,,,
"mockUI.projects.create","mockUI","Create Project",,,,,,,,,
"mockUI.acc.title","mockUI","ACC Integration",,,,,,,,,
"mockUI.acc.lastSync","mockUI","Last Sync",,,,,,,,,
"mockUI.acc.connected","mockUI","Connected",,,,,,,,,
"mockUI.acc.documents","mockUI","Documents",,,,,,,,,
"mockUI.acc.models","mockUI","Models",,,,,,,,,
"mockUI.sheets.title","mockUI","Sheets",,,,,,,,,
"mockUI.sheets.allSheets","mockUI","All Sheets",,,,,,,,,
"mockUI.sheets.search","mockUI","Search sheets...",,,,,,,,,
"hero.video.title","hero","InvoratecAI Demo",,,,,,,,,
"terms.subprocessors.content.subprocessorData.gmail.name","terms","Gmail / Google Workspace",,,,,,,,,
"blog.tags.bestPractices","blog","Best Practices",,,,,,,,,
"docs.content.installation.bimAi","docs","BIM AI (Revit Add-in)",,,,,,,,,
"featuresPage.webFeatures.tasks.properties.url.type","featuresPage","Links",,,,,,,,,
"featuresPage.webFeatures.tasks.properties.rollup.name","featuresPage","Rollup",,,,,,,,,
"featuresPage.webFeatures.timeline.highlights.dragDrop.label","featuresPage","Drag & Drop",,,,,,,,,
"featuresPage.propertySystem.categories.links","featuresPage","Links",,,,,,,,,
"mockUI.tasks.filter","mockUI","Filter",,,,,,,,,
"mockUI.timeline.phase","mockUI","Phase",,,,,,,,,
"about.values.items.impact.title","about","Impact",,,,,,,,,
"blog.tags.guide","blog","Guide",,,,,,,,,
"mockUI.viewer.section","mockUI","Section",,,,,,,,,
"terms.ai.content.section7.general","terms","General",,,,,,,,,
